driver_label,trip_start,x,y
0.0,1.0,0.0,0.0
0.0,0.0,1.4,-3.7
0.0,0.0,2.4,-6.1
0.0,0.0,3.3,-6.3
0.0,0.0,3.7,-7.5
0.0,0.0,4.1,-7.6
0.0,0.0,4.6,-8.9
0.0,0.0,6.2,-10.4
0.0,0.0,9.4,-11.1
0.0,0.0,14.0,-9.6
0.0,0.0,19.4,-7.3
0.0,0.0,25.5,-2.9
0.0,0.0,31.6,1.7
0.0,0.0,37.1,5.1
0.0,0.0,42.2,7.4
0.0,0.0,47.4,8.7
0.0,0.0,52.2,7.7
0.0,0.0,56.6,4.5
0.0,0.0,60.6,-0.8
0.0,0.0,65.2,-5.3
0.0,0.0,70.3,-8.6
0.0,0.0,76.2,-8.6
0.0,0.0,81.9,-7.5
0.0,0.0,87.3,-2.9
0.0,0.0,90.5,3.3
0.0,0.0,91.7,11.1
0.0,0.0,92.2,20.2
0.0,0.0,93.0,29.2
0.0,0.0,94.1,37.1
0.0,0.0,95.4,43.7
0.0,0.0,97.0,49.0
0.0,0.0,98.8,54.5
0.0,0.0,100.3,57.5
0.0,0.0,101.3,59.6
0.0,0.0,102.0,60.6
0.0,0.0,102.4,61.7
0.0,0.0,102.4,61.7
0.0,0.0,102.4,61.7
0.0,0.0,102.4,61.7
0.0,0.0,102.4,61.7
0.0,0.0,102.8,62.7
0.0,0.0,103.1,62.7
0.0,0.0,103.6,63.7
0.0,0.0,104.5,64.6
0.0,0.0,105.8,66.6
0.0,0.0,108.1,69.6
0.0,0.0,110.7,73.7
0.0,0.0,113.3,76.6
0.0,0.0,117.0,80.3
0.0,0.0,121.9,82.8
0.0,0.0,127.7,82.7
0.0,0.0,133.3,79.3
0.0,0.0,138.3,73.8
0.0,0.0,143.6,65.8
0.0,0.0,149.7,56.4
0.0,0.0,157.1,45.6
0.0,0.0,165.3,33.6
0.0,0.0,174.3,21.3
0.0,0.0,183.4,6.7
0.0,0.0,193.7,-6.9
0.0,0.0,203.9,-23.0
0.0,0.0,214.9,-39.1
0.0,0.0,225.8,-56.4
0.0,0.0,236.8,-73.8
0.0,0.0,248.0,-90.0
0.0,0.0,258.5,-107.2
0.0,0.0,269.1,-123.4
0.0,0.0,279.3,-140.5
0.0,0.0,289.3,-156.5
0.0,0.0,299.1,-172.4
0.0,0.0,308.8,-188.3
0.0,0.0,318.2,-204.1
0.0,0.0,327.7,-218.8
0.0,0.0,336.6,-234.6
0.0,0.0,345.6,-250.3
0.0,0.0,354.7,-264.9
0.0,0.0,363.6,-280.6
0.0,0.0,372.6,-295.2
0.0,0.0,381.5,-309.8
0.0,0.0,390.5,-325.5
0.0,0.0,399.9,-340.1
0.0,0.0,409.2,-354.8
0.0,0.0,418.5,-370.6
0.0,0.0,428.1,-385.3
0.0,0.0,437.7,-400.0
0.0,0.0,447.4,-415.9
0.0,0.0,457.7,-430.7
0.0,0.0,468.0,-445.6
0.0,0.0,478.6,-460.6
0.0,0.0,489.5,-475.6
0.0,0.0,500.8,-489.4
0.0,0.0,511.7,-504.5
0.0,0.0,522.7,-519.5
0.0,0.0,533.8,-533.3
0.0,0.0,544.9,-548.3
0.0,0.0,555.8,-563.3
0.0,0.0,566.7,-578.3
0.0,0.0,577.5,-592.1
0.0,0.0,587.8,-608.1
0.0,0.0,597.5,-621.7
0.0,0.0,607.3,-634.1
0.0,0.0,616.2,-647.4
0.0,0.0,624.8,-659.6
0.0,0.0,632.9,-671.7
0.0,0.0,640.5,-682.4
0.0,0.0,647.6,-693.1
0.0,0.0,654.3,-703.7
0.0,0.0,661.0,-713.1
0.0,0.0,667.5,-722.5
0.0,0.0,673.5,-733.0
0.0,0.0,678.8,-743.3
0.0,0.0,682.4,-753.2
0.0,0.0,684.0,-763.9
0.0,0.0,683.0,-775.2
0.0,0.0,680.9,-786.4
0.0,0.0,678.6,-797.3
0.0,0.0,677.5,-808.7
0.0,0.0,678.9,-818.1
0.0,0.0,682.7,-825.8
0.0,0.0,688.3,-831.6
0.0,0.0,694.9,-835.2
0.0,0.0,701.1,-838.7
0.0,0.0,706.5,-839.8
0.0,0.0,709.8,-840.5
0.0,0.0,711.5,-840.8
0.0,0.0,712.6,-841.1
0.0,0.0,713.2,-840.0
0.0,0.0,713.2,-840.0
0.0,0.0,713.1,-840.0
0.0,0.0,713.1,-840.0
0.0,0.0,713.0,-840.0
0.0,0.0,713.0,-840.0
0.0,0.0,713.0,-840.0
0.0,0.0,713.1,-840.0
0.0,0.0,713.1,-840.0
0.0,0.0,713.1,-840.0
0.0,0.0,713.4,-839.0
0.0,0.0,713.6,-839.0
0.0,0.0,713.6,-839.0
0.0,0.0,714.1,-839.1
0.0,0.0,715.7,-839.4
0.0,0.0,718.5,-838.9
0.0,0.0,722.1,-839.6
0.0,0.0,726.5,-839.3
0.0,0.0,731.4,-839.2
0.0,0.0,737.2,-838.1
0.0,0.0,743.1,-837.0
0.0,0.0,748.9,-837.1
0.0,0.0,755.1,-834.9
0.0,0.0,761.0,-833.9
0.0,0.0,767.2,-832.8
0.0,0.0,774.0,-829.6
0.0,0.0,780.8,-826.4
0.0,0.0,788.0,-822.2
0.0,0.0,795.0,-817.8
0.0,0.0,802.3,-811.3
0.0,0.0,808.5,-806.9
0.0,0.0,814.2,-801.1
0.0,0.0,819.3,-797.6
0.0,0.0,824.6,-795.2
0.0,0.0,830.5,-794.1
0.0,0.0,836.2,-795.4
0.0,0.0,841.6,-798.7
0.0,0.0,845.9,-804.1
0.0,0.0,850.0,-809.6
0.0,0.0,853.5,-816.1
0.0,0.0,856.3,-821.2
0.0,0.0,858.7,-825.1
0.0,0.0,860.8,-829.0
0.0,0.0,863.3,-832.9
0.0,0.0,866.1,-838.1
0.0,0.0,870.0,-842.3
0.0,0.0,874.8,-847.9
0.0,0.0,880.7,-853.7
0.0,0.0,887.6,-857.5
0.0,0.0,894.4,-859.9
0.0,0.0,900.5,-862.3
0.0,0.0,905.8,-865.7
0.0,0.0,910.7,-866.8
0.0,0.0,914.6,-869.8
0.0,0.0,917.8,-871.6
0.0,0.0,920.0,-874.3
0.0,0.0,921.9,-875.8
0.0,0.0,923.7,-878.5
0.0,0.0,926.0,-881.3
0.0,0.0,928.9,-885.3
0.0,0.0,932.4,-890.6
0.0,0.0,936.6,-897.2
0.0,0.0,941.6,-904.0
0.0,0.0,946.7,-913.0
0.0,0.0,952.0,-921.0
0.0,0.0,956.8,-927.8
0.0,0.0,960.4,-931.9
0.0,0.0,962.8,-935.9
0.0,0.0,965.0,-939.8
0.0,0.0,967.0,-943.6
0.0,0.0,969.4,-947.5
0.0,0.0,972.2,-951.5
0.0,0.0,975.6,-956.8
0.0,0.0,979.9,-962.3
0.0,0.0,985.5,-969.2
0.0,0.0,992.3,-974.0
0.0,0.0,999.3,-980.0
0.0,0.0,1007.0,-985.1
0.0,0.0,1014.6,-990.0
0.0,0.0,1022.1,-992.8
0.0,0.0,1029.1,-995.3
0.0,0.0,1036.1,-997.9
0.0,0.0,1043.3,-998.2
0.0,0.0,1050.3,-999.6
0.0,0.0,1057.2,-999.9
0.0,0.0,1062.4,-1000.9
0.0,0.0,1066.6,-1001.8
0.0,0.0,1071.1,-1001.5
0.0,0.0,1075.4,-1002.4
0.0,0.0,1080.2,-1002.3
0.0,0.0,1085.6,-1002.2
0.0,0.0,1091.9,-1001.2
0.0,0.0,1098.4,-1001.4
0.0,0.0,1105.9,-1000.7
0.0,0.0,1114.1,-1000.1
0.0,0.0,1122.9,-999.6
0.0,0.0,1132.4,-999.2
0.0,0.0,1142.5,-999.0
0.0,0.0,1152.8,-998.8
0.0,0.0,1162.6,-999.6
0.0,0.0,1171.8,-999.3
0.0,0.0,1179.7,-999.7
0.0,0.0,1186.8,-998.9
0.0,0.0,1192.2,-998.8
0.0,0.0,1196.9,-998.6
0.0,0.0,1201.1,-999.5
0.0,0.0,1205.5,-999.3
0.0,0.0,1209.9,-999.0
0.0,0.0,1214.2,-998.8
0.0,0.0,1218.0,-999.5
0.0,0.0,1221.5,-999.1
0.0,0.0,1223.6,-999.5
0.0,0.0,1225.1,-999.8
0.0,0.0,1226.8,-1000.2
0.0,0.0,1229.6,-1000.8
0.0,0.0,1233.2,-1002.6
0.0,0.0,1237.0,-1006.9
0.0,0.0,1241.4,-1010.1
0.0,0.0,1247.1,-1012.3
0.0,0.0,1254.7,-1011.6
0.0,0.0,1262.6,-1009.8
0.0,0.0,1270.4,-1008.0
0.0,0.0,1278.4,-1007.3
0.0,0.0,1287.0,-1007.9
0.0,0.0,1296.2,-1009.8
0.0,0.0,1306.4,-1011.8
0.0,0.0,1316.9,-1014.1
0.0,0.0,1327.7,-1016.2
0.0,0.0,1338.1,-1019.5
0.0,0.0,1348.9,-1021.8
0.0,0.0,1359.7,-1025.1
0.0,0.0,1370.7,-1027.3
0.0,0.0,1381.3,-1030.7
0.0,0.0,1391.9,-1033.9
0.0,0.0,1401.8,-1038.3
0.0,0.0,1411.5,-1043.8
0.0,0.0,1421.3,-1049.1
0.0,0.0,1430.6,-1055.7
0.0,0.0,1440.1,-1062.2
0.0,0.0,1449.2,-1069.9
0.0,0.0,1459.1,-1075.3
0.0,0.0,1469.2,-1082.0
0.0,0.0,1479.7,-1087.6
0.0,0.0,1491.0,-1092.3
0.0,0.0,1502.5,-1097.0
0.0,0.0,1514.7,-1100.5
0.0,0.0,1527.3,-1104.3
0.0,0.0,1540.5,-1107.0
0.0,0.0,1553.4,-1110.8
0.0,0.0,1566.6,-1113.5
0.0,0.0,1579.7,-1116.2
0.0,0.0,1592.4,-1119.9
0.0,0.0,1605.0,-1123.7
0.0,0.0,1617.9,-1126.2
0.0,0.0,1630.5,-1128.9
0.0,0.0,1642.8,-1132.5
0.0,0.0,1655.2,-1135.1
0.0,0.0,1667.5,-1137.6
0.0,0.0,1679.7,-1141.3
0.0,0.0,1691.9,-1144.9
0.0,0.0,1704.5,-1147.5
0.0,0.0,1717.0,-1151.1
0.0,0.0,1729.6,-1154.9
0.0,0.0,1741.9,-1157.4
0.0,0.0,1753.2,-1160.9
0.0,0.0,1763.8,-1164.2
0.0,0.0,1773.9,-1167.4
0.0,0.0,1782.4,-1172.5
0.0,0.0,1789.7,-1177.5
0.0,0.0,1795.8,-1183.4
0.0,0.0,1800.8,-1191.3
0.0,0.0,1805.8,-1198.0
0.0,0.0,1810.8,-1205.9
0.0,0.0,1817.6,-1209.7
0.0,0.0,1825.9,-1212.5
0.0,0.0,1836.1,-1213.4
0.0,0.0,1848.1,-1215.9
0.0,0.0,1861.7,-1219.8
0.0,0.0,1876.5,-1227.5
0.0,0.0,1892.2,-1236.5
0.0,0.0,1908.9,-1246.9
0.0,0.0,1925.7,-1260.8
0.0,0.0,1943.2,-1276.0
0.0,0.0,1961.2,-1291.3
0.0,0.0,1978.5,-1308.8
0.0,0.0,1996.5,-1326.5
0.0,0.0,2014.6,-1341.9
0.0,0.0,2031.3,-1356.8
0.0,0.0,2046.5,-1370.4
0.0,0.0,2060.1,-1382.5
0.0,0.0,2072.4,-1395.4
0.0,0.0,2083.5,-1409.2
0.0,0.0,2092.9,-1426.3
0.0,0.0,2101.7,-1444.3
0.0,0.0,2110.7,-1462.4
0.0,0.0,2119.9,-1480.5
0.0,0.0,2130.0,-1498.8
0.0,0.0,2141.3,-1516.2
0.0,0.0,2153.8,-1533.9
0.0,0.0,2167.3,-1551.8
0.0,0.0,2181.2,-1572.0
0.0,0.0,2195.4,-1591.3
0.0,0.0,2209.4,-1611.6
0.0,0.0,2223.1,-1631.9
0.0,0.0,2237.1,-1653.4
0.0,0.0,2251.3,-1673.7
0.0,0.0,2265.7,-1694.2
0.0,0.0,2281.4,-1714.9
0.0,0.0,2298.0,-1733.4
0.0,0.0,2313.7,-1751.8
0.0,0.0,2327.9,-1767.4
0.0,0.0,2341.3,-1781.7
0.0,0.0,2354.8,-1795.0
0.0,0.0,2369.8,-1806.2
0.0,0.0,2387.1,-1817.8
0.0,0.0,2407.1,-1826.5
0.0,0.0,2429.0,-1834.5
0.0,0.0,2452.6,-1841.7
0.0,0.0,2477.8,-1846.8
0.0,0.0,2504.1,-1851.0
0.0,0.0,2532.3,-1853.3
0.0,0.0,2561.4,-1855.7
0.0,0.0,2591.7,-1857.2
0.0,0.0,2622.9,-1860.1
0.0,0.0,2655.3,-1860.8
0.0,0.0,2687.2,-1862.7
0.0,0.0,2717.3,-1864.1
0.0,0.0,2745.2,-1866.4
0.0,0.0,2772.6,-1867.2
0.0,0.0,2800.1,-1867.1
0.0,0.0,2826.9,-1865.6
0.0,0.0,2852.3,-1863.7
0.0,0.0,2877.6,-1859.6
0.0,0.0,2901.5,-1858.6
0.0,0.0,2924.4,-1857.5
0.0,0.0,2945.9,-1857.3
0.0,0.0,2966.6,-1856.9
0.0,0.0,2986.3,-1857.4
0.0,0.0,3006.0,-1857.9
0.0,0.0,3025.6,-1861.9
0.0,0.0,3045.4,-1866.0
0.0,0.0,3064.4,-1871.1
0.0,0.0,3082.7,-1875.9
0.0,0.0,3100.7,-1884.2
0.0,0.0,3119.9,-1892.7
0.0,0.0,3139.9,-1903.8
0.0,0.0,3161.0,-1915.1
0.0,0.0,3182.4,-1926.5
0.0,0.0,3202.8,-1938.8
0.0,0.0,3221.1,-1949.5
0.0,0.0,3237.9,-1957.6
0.0,0.0,3254.2,-1963.2
0.0,0.0,3271.1,-1965.5
0.0,0.0,3289.2,-1965.8
0.0,0.0,3308.3,-1967.3
0.0,0.0,3329.3,-1970.4
0.0,0.0,3350.6,-1977.1
0.0,0.0,3372.0,-1984.9
0.0,0.0,3393.7,-1995.2
0.0,0.0,3415.6,-2005.5
0.0,0.0,3438.0,-2017.0
0.0,0.0,3461.4,-2027.6
0.0,0.0,3483.7,-2038.0
0.0,0.0,3504.6,-2045.8
0.0,0.0,3524.3,-2055.6
0.0,0.0,3544.1,-2065.4
0.0,0.0,3564.2,-2076.5
0.0,0.0,3583.8,-2089.8
0.0,0.0,3602.8,-2103.1
0.0,0.0,3621.5,-2112.7
0.0,0.0,3640.4,-2121.2
0.0,0.0,3661.0,-2126.5
0.0,0.0,3683.0,-2131.0
0.0,0.0,3706.2,-2132.2
0.0,0.0,3730.0,-2126.6
0.0,0.0,3753.7,-2120.9
0.0,0.0,3776.6,-2115.2
0.0,0.0,3799.5,-2109.4
0.0,0.0,3822.4,-2106.0
0.0,0.0,3846.7,-2103.9
0.0,0.0,3872.0,-2107.9
0.0,0.0,3897.1,-2113.1
0.0,0.0,3922.3,-2121.7
0.0,0.0,3948.2,-2130.4
0.0,0.0,3975.2,-2140.6
0.0,0.0,4003.1,-2149.8
0.0,0.0,4031.5,-2159.1
0.0,0.0,4060.8,-2167.4
0.0,0.0,4090.4,-2177.0
0.0,0.0,4120.4,-2186.6
0.0,0.0,4151.0,-2195.1
0.0,0.0,4181.9,-2204.9
0.0,0.0,4212.8,-2214.9
0.0,0.0,4244.1,-2224.7
0.0,0.0,4274.5,-2234.5
0.0,0.0,4303.3,-2243.7
0.0,0.0,4329.8,-2252.7
0.0,0.0,4353.9,-2260.0
0.0,0.0,4375.6,-2266.6
0.0,0.0,4396.9,-2273.4
0.0,0.0,4418.6,-2280.1
0.0,0.0,4440.7,-2286.9
0.0,0.0,4463.2,-2293.9
0.0,0.0,4486.3,-2302.0
0.0,0.0,4510.2,-2309.3
0.0,0.0,4534.7,-2317.7
0.0,0.0,4559.8,-2325.2
0.0,0.0,4585.2,-2332.7
0.0,0.0,4610.8,-2341.4
0.0,0.0,4637.5,-2349.2
0.0,0.0,4664.7,-2357.1
0.0,0.0,4693.1,-2365.2
0.0,0.0,4722.7,-2372.4
0.0,0.0,4752.5,-2380.8
0.0,0.0,4781.8,-2388.0
0.0,0.0,4810.7,-2396.1
0.0,0.0,4840.0,-2404.5
0.0,0.0,4869.1,-2414.0
0.0,0.0,4898.8,-2422.3
0.0,0.0,4928.0,-2431.8
0.0,0.0,4956.8,-2439.9
0.0,0.0,4984.8,-2449.2
0.0,0.0,5011.8,-2457.0
0.0,0.0,5037.2,-2465.7
0.0,0.0,5061.9,-2474.2
0.0,0.0,5087.1,-2482.8
0.0,0.0,5113.0,-2490.4
0.0,0.0,5139.9,-2496.0
0.0,0.0,5167.5,-2502.8
0.0,0.0,5196.0,-2508.5
0.0,0.0,5225.2,-2515.7
0.0,0.0,5253.8,-2523.8
0.0,0.0,5282.3,-2533.2
0.0,0.0,5310.2,-2543.5
0.0,0.0,5336.1,-2553.4
0.0,0.0,5359.6,-2564.0
0.0,0.0,5381.1,-2573.0
0.0,0.0,5400.1,-2582.8
0.0,0.0,5417.7,-2589.8
0.0,0.0,5435.2,-2595.7
0.0,0.0,5453.8,-2598.3
0.0,0.0,5473.0,-2598.8
0.0,0.0,5492.9,-2597.1
0.0,0.0,5513.6,-2595.4
0.0,0.0,5535.2,-2592.9
0.0,0.0,5557.7,-2591.6
0.0,0.0,5580.6,-2592.8
0.0,0.0,5604.8,-2594.2
0.0,0.0,5630.1,-2597.0
0.0,0.0,5656.4,-2600.1
0.0,0.0,5683.6,-2603.2
0.0,0.0,5711.8,-2606.6
0.0,0.0,5740.5,-2609.0
0.0,0.0,5767.5,-2613.3
0.0,0.0,5792.4,-2621.9
0.0,0.0,5816.6,-2632.7
0.0,0.0,5840.9,-2644.6
0.0,0.0,5865.6,-2656.6
0.0,0.0,5890.0,-2668.6
0.0,0.0,5913.7,-2680.5
0.0,0.0,5936.5,-2692.1
0.0,0.0,5959.3,-2704.8
0.0,0.0,5983.0,-2719.0
0.0,0.0,6008.0,-2733.4
0.0,0.0,6034.6,-2747.0
0.0,0.0,6062.2,-2760.8
0.0,0.0,6090.1,-2774.7
0.0,0.0,6117.4,-2789.7
0.0,0.0,6144.9,-2804.6
0.0,0.0,6172.6,-2818.3
0.0,0.0,6200.2,-2833.4
0.0,0.0,6228.1,-2847.2
0.0,0.0,6254.8,-2862.1
0.0,0.0,6280.4,-2874.2
0.0,0.0,6303.7,-2887.1
0.0,0.0,6325.1,-2898.5
0.0,0.0,6344.6,-2909.4
0.0,0.0,6362.0,-2918.8
0.0,0.0,6377.2,-2927.7
0.0,0.0,6390.4,-2935.0
0.0,0.0,6402.7,-2940.9
0.0,0.0,6413.7,-2946.6
0.0,0.0,6423.4,-2952.1
0.0,0.0,6431.7,-2957.1
0.0,0.0,6438.5,-2963.1
0.0,0.0,6442.8,-2970.9
0.0,0.0,6444.5,-2979.3
0.0,0.0,6444.5,-2988.5
0.0,0.0,6443.9,-2999.9
0.0,0.0,6443.2,-3013.6
0.0,0.0,6443.4,-3027.4
0.0,0.0,6444.7,-3041.6
0.0,0.0,6447.3,-3054.8
0.0,0.0,6450.6,-3068.2
0.0,0.0,6453.7,-3082.7
0.0,0.0,6455.9,-3098.2
0.0,0.0,6456.9,-3114.6
0.0,0.0,6456.5,-3130.7
0.0,0.0,6455.3,-3146.6
0.0,0.0,6453.8,-3162.5
0.0,0.0,6452.6,-3177.2
0.0,0.0,6451.5,-3192.0
0.0,0.0,6450.6,-3205.7
0.0,0.0,6449.6,-3219.3
0.0,0.0,6449.0,-3231.9
0.0,0.0,6448.5,-3244.4
0.0,0.0,6448.1,-3257.0
0.0,0.0,6447.8,-3269.7
0.0,0.0,6447.7,-3282.4
0.0,0.0,6447.8,-3295.1
0.0,0.0,6447.9,-3307.8
0.0,0.0,6448.1,-3320.5
0.0,0.0,6447.6,-3334.2
0.0,0.0,6447.1,-3346.7
0.0,0.0,6445.7,-3361.5
0.0,0.0,6443.7,-3376.1
0.0,0.0,6441.2,-3391.8
0.0,0.0,6437.4,-3408.4
0.0,0.0,6432.4,-3424.7
0.0,0.0,6425.3,-3440.7
0.0,0.0,6416.8,-3456.3
0.0,0.0,6407.7,-3471.8
0.0,0.0,6399.5,-3486.3
0.0,0.0,6393.4,-3500.1
0.0,0.0,6389.3,-3515.4
0.0,0.0,6387.4,-3533.6
0.0,0.0,6388.0,-3553.4
0.0,0.0,6391.3,-3575.0
0.0,0.0,6395.7,-3596.9
0.0,0.0,6398.1,-3620.7
0.0,0.0,6397.7,-3642.7
0.0,0.0,6395.0,-3665.3
0.0,0.0,6391.5,-3685.5
0.0,0.0,6388.0,-3704.5
0.0,0.0,6385.4,-3721.3
0.0,0.0,6383.6,-3738.4
0.0,0.0,6382.2,-3754.2
0.0,0.0,6381.2,-3770.2
0.0,0.0,6380.2,-3785.0
0.0,0.0,6378.9,-3801.0
0.0,0.0,6378.1,-3815.9
0.0,0.0,6377.3,-3831.9
0.0,0.0,6376.4,-3847.9
0.0,0.0,6375.7,-3863.9
0.0,0.0,6374.8,-3881.1
0.0,0.0,6374.1,-3898.3
0.0,0.0,6374.0,-3915.7
0.0,0.0,6374.8,-3933.1
0.0,0.0,6376.2,-3950.8
0.0,0.0,6378.3,-3968.6
0.0,0.0,6380.5,-3985.3
0.0,0.0,6382.0,-4001.8
0.0,0.0,6382.8,-4017.0
0.0,0.0,6383.2,-4032.0
0.0,0.0,6383.8,-4043.7
0.0,0.0,6385.3,-4054.3
0.0,0.0,6388.6,-4063.0
0.0,0.0,6394.3,-4071.2
0.0,0.0,6402.0,-4079.6
0.0,0.0,6412.1,-4087.4
0.0,0.0,6423.1,-4096.6
0.0,0.0,6434.6,-4104.7
0.0,0.0,6445.9,-4114.0
0.0,0.0,6457.0,-4123.1
0.0,0.0,6467.9,-4132.3
0.0,0.0,6478.3,-4142.4
0.0,0.0,6488.1,-4153.7
0.0,0.0,6496.9,-4165.9
0.0,0.0,6504.3,-4177.8
0.0,0.0,6511.2,-4190.7
0.0,0.0,6518.2,-4202.5
0.0,0.0,6525.6,-4215.6
0.0,0.0,6534.4,-4232.4
0.0,0.0,6542.7,-4249.2
0.0,0.0,6551.7,-4268.5
0.0,0.0,6560.6,-4286.5
0.0,0.0,6566.2,-4307.3
0.0,0.0,6569.3,-4329.0
0.0,0.0,6573.7,-4353.1
0.0,0.0,6575.6,-4376.8
0.0,0.0,6577.1,-4397.9
0.0,0.0,6577.9,-4420.2
0.0,0.0,6579.0,-4440.2
0.0,0.0,6580.7,-4459.1
0.0,0.0,6583.5,-4477.0
0.0,0.0,6587.7,-4492.9
0.0,0.0,6592.2,-4508.9
0.0,0.0,6596.7,-4522.4
0.0,0.0,6600.7,-4535.9
0.0,0.0,6604.2,-4548.2
0.0,0.0,6607.2,-4559.2
0.0,0.0,6608.9,-4569.8
0.0,0.0,6610.1,-4578.1
0.0,0.0,6609.6,-4587.3
0.0,0.0,6608.5,-4595.0
0.0,0.0,6607.9,-4601.8
0.0,0.0,6608.4,-4607.7
0.0,0.0,6609.7,-4613.6
0.0,0.0,6612.2,-4618.7
0.0,0.0,6615.5,-4622.8
0.0,0.0,6619.2,-4627.0
0.0,0.0,6622.9,-4630.1
0.0,0.0,6624.9,-4633.9
0.0,0.0,6624.7,-4638.4
0.0,0.0,6622.2,-4643.7
0.0,0.0,6617.9,-4649.6
0.0,0.0,6613.0,-4655.5
0.0,0.0,6606.8,-4664.6
0.0,0.0,6600.0,-4674.8
0.0,0.0,6593.3,-4684.9
0.0,0.0,6587.3,-4694.1
0.0,0.0,6582.3,-4701.0
0.0,0.0,6578.3,-4707.1
0.0,0.0,6575.1,-4711.0
0.0,0.0,6571.3,-4716.1
0.0,0.0,6567.3,-4717.5
0.0,0.0,6562.8,-4718.9
0.0,0.0,6559.0,-4717.0
0.0,0.0,6555.7,-4716.3
0.0,0.0,6552.8,-4714.6
0.0,0.0,6549.6,-4712.8
0.0,0.0,6546.2,-4713.3
0.0,0.0,6543.9,-4713.9
0.0,0.0,6543.0,-4716.0
0.0,0.0,6543.2,-4718.3
0.0,0.0,6544.0,-4718.5
0.0,0.0,6544.5,-4719.7
0.0,0.0,6545.1,-4719.8
0.0,0.0,6546.1,-4720.0
0.0,0.0,6547.6,-4720.3
0.0,0.0,6548.9,-4720.6
0.0,0.0,6549.6,-4720.7
0.0,0.0,6549.6,-4720.8
0.0,0.0,6549.6,-4720.7
0.0,0.0,6549.5,-4720.7
0.0,0.0,6549.5,-4720.7
0.0,0.0,6549.3,-4720.7
0.0,0.0,6549.3,-4720.7
0.0,0.0,6549.3,-4720.7
0.0,0.0,6549.3,-4720.7
0.0,0.0,6549.3,-4720.7
0.0,0.0,6549.3,-4720.7
1.0,1.0,0.0,0.0
1.0,0.0,0.0,0.0
1.0,0.0,0.0,0.0
1.0,0.0,0.0,0.0
1.0,0.0,0.0,0.0
1.0,0.0,0.0,0.0
1.0,0.0,0.0,-0.1
1.0,0.0,0.0,-0.1
1.0,0.0,0.0,-0.1
1.0,0.0,0.1,-0.2
1.0,0.0,0.2,-0.3
1.0,0.0,0.3,-0.4
1.0,0.0,-0.5,-1.2
1.0,0.0,-0.4,-1.3
1.0,0.0,-0.4,-1.4
1.0,0.0,-0.4,-1.4
1.0,0.0,-0.3,-1.5
1.0,0.0,-0.3,-1.6
1.0,0.0,-0.3,-1.6
1.0,0.0,-0.2,-1.7
1.0,0.0,-0.2,-1.7
1.0,0.0,-0.2,-1.7
1.0,0.0,-0.2,-1.8
1.0,0.0,-0.2,-1.8
1.0,0.0,-1.1,-2.4
1.0,0.0,-1.1,-2.4
1.0,0.0,-1.1,-2.4
1.0,0.0,-1.1,-2.4
1.0,0.0,-1.1,-2.4
1.0,0.0,-1.1,-2.4
1.0,0.0,-0.2,-1.8
1.0,0.0,-0.2,-1.8
1.0,0.0,-0.2,-1.8
1.0,0.0,-0.2,-1.8
1.0,0.0,-0.2,-1.8
1.0,0.0,-0.2,-1.7
1.0,0.0,-0.2,-1.7
1.0,0.0,-0.2,-1.7
1.0,0.0,-0.2,-1.7
1.0,0.0,-0.2,-1.7
1.0,0.0,-0.3,-1.6
1.0,0.0,-0.3,-1.6
1.0,0.0,-0.3,-1.6
1.0,0.0,-0.3,-1.6
1.0,0.0,-0.3,-1.6
1.0,0.0,-0.3,-1.5
1.0,0.0,-0.3,-1.5
1.0,0.0,-0.3,-1.5
1.0,0.0,-0.3,-1.5
1.0,0.0,-0.3,-1.5
1.0,0.0,-0.3,-1.5
1.0,0.0,-0.4,-1.4
1.0,0.0,-0.4,-1.4
1.0,0.0,-0.4,-1.4
1.0,0.0,-0.4,-1.4
1.0,0.0,-0.4,-1.4
1.0,0.0,-0.4,-1.4
1.0,0.0,-0.4,-1.4
1.0,0.0,-0.4,-1.4
1.0,0.0,-0.4,-1.3
1.0,0.0,-0.4,-1.3
1.0,0.0,-0.4,-1.3
1.0,0.0,-0.4,-1.3
1.0,0.0,-0.4,-1.3
1.0,0.0,-0.4,-1.3
1.0,0.0,-0.4,-1.3
1.0,0.0,-0.4,-1.3
1.0,0.0,-0.4,-1.3
1.0,0.0,-0.4,-1.3
1.0,0.0,-0.4,-1.3
1.0,0.0,-0.4,-1.3
1.0,0.0,-0.4,-1.3
1.0,0.0,-0.4,-1.3
1.0,0.0,-0.4,-1.3
1.0,0.0,-0.4,-1.3
1.0,0.0,-0.4,-1.3
1.0,0.0,-0.4,-1.3
1.0,0.0,-0.4,-1.3
1.0,0.0,-0.5,-1.2
1.0,0.0,-0.5,-1.2
1.0,0.0,-0.5,-1.2
1.0,0.0,-0.5,-1.2
1.0,0.0,-0.5,-1.2
1.0,0.0,-0.5,-1.2
1.0,0.0,-0.4,-1.3
1.0,0.0,-0.4,-1.3
1.0,0.0,-0.4,-1.3
1.0,0.0,-0.4,-1.3
1.0,0.0,-0.4,-1.3
1.0,0.0,-0.4,-1.3
1.0,0.0,-0.4,-1.3
1.0,0.0,-0.4,-1.3
1.0,0.0,-0.4,-1.3
1.0,0.0,-0.4,-1.3
1.0,0.0,-0.4,-1.3
1.0,0.0,-0.4,-1.3
1.0,0.0,-0.4,-1.3
1.0,0.0,-0.4,-1.3
1.0,0.0,-0.4,-1.3
1.0,0.0,-0.4,-1.3
1.0,0.0,-0.5,-1.2
1.0,0.0,-0.5,-1.2
1.0,0.0,-0.5,-1.2
1.0,0.0,-0.5,-1.2
1.0,0.0,-0.5,-1.2
1.0,0.0,-0.5,-1.2
1.0,0.0,-0.5,-1.2
1.0,0.0,-0.5,-1.2
1.0,0.0,-0.6,-1.2
1.0,0.0,-0.6,-1.2
1.0,0.0,-0.6,-1.2
1.0,0.0,-0.6,-1.2
1.0,0.0,-0.6,-1.2
1.0,0.0,-0.6,-1.2
1.0,0.0,-0.6,-1.2
1.0,0.0,-0.6,-1.2
1.0,0.0,-0.6,-1.1
1.0,0.0,-0.6,-1.1
1.0,0.0,-0.6,-1.1
1.0,0.0,-0.6,-1.1
1.0,0.0,-0.6,-1.1
1.0,0.0,-0.6,-1.1
1.0,0.0,-0.6,-1.1
1.0,0.0,-0.6,-1.1
1.0,0.0,-0.7,-1.0
1.0,0.0,-0.7,-1.0
1.0,0.0,-0.7,-1.0
1.0,0.0,-0.7,-1.0
1.0,0.0,-0.7,-1.0
1.0,0.0,-0.7,-1.0
1.0,0.0,-0.8,-0.8
1.0,0.0,-0.8,-0.8
1.0,0.0,-0.8,-0.8
1.0,0.0,-0.8,-0.8
1.0,0.0,-0.8,-0.8
1.0,0.0,-0.8,-0.8
1.0,0.0,-0.8,-0.8
1.0,0.0,-0.8,-0.8
1.0,0.0,-0.8,-0.8
1.0,0.0,-0.8,-0.8
1.0,0.0,-0.8,-0.8
1.0,0.0,-0.8,-0.8
1.0,0.0,-0.8,-0.8
1.0,0.0,-0.8,-0.8
1.0,0.0,-0.8,-0.8
1.0,0.0,-0.8,-0.8
1.0,0.0,-0.8,-0.8
1.0,0.0,-0.8,-0.8
1.0,0.0,-0.8,-0.8
1.0,0.0,-0.8,-0.8
1.0,0.0,-0.8,-0.8
1.0,0.0,-0.8,-0.8
1.0,0.0,-0.8,-0.8
1.0,0.0,-0.8,-0.8
1.0,0.0,-0.8,-0.8
1.0,0.0,-0.8,-0.8
1.0,0.0,-1.7,-1.5
1.0,0.0,-1.7,-1.5
1.0,0.0,-1.7,-1.5
1.0,0.0,-1.7,-1.5
1.0,0.0,-1.6,-1.6
1.0,0.0,-1.6,-1.6
1.0,0.0,-1.6,-1.6
1.0,0.0,-1.6,-1.6
1.0,0.0,-1.6,-1.6
1.0,0.0,-1.6,-1.6
1.0,0.0,-1.6,-1.6
1.0,0.0,-1.6,-1.6
1.0,0.0,-1.6,-1.6
1.0,0.0,-1.6,-1.6
1.0,0.0,-1.6,-1.6
1.0,0.0,-1.6,-1.6
1.0,0.0,-1.6,-1.6
1.0,0.0,-1.6,-1.6
1.0,0.0,-1.6,-1.6
1.0,0.0,-1.6,-1.6
1.0,0.0,-1.6,-1.6
1.0,0.0,-1.6,-1.6
1.0,0.0,-1.6,-1.6
1.0,0.0,-1.6,-1.6
1.0,0.0,-1.6,-1.6
1.0,0.0,-1.6,-1.6
1.0,0.0,-1.6,-1.6
1.0,0.0,-1.6,-1.6
1.0,0.0,-1.6,-1.6
1.0,0.0,-1.6,-1.6
1.0,0.0,-1.6,-1.6
1.0,0.0,-1.6,-1.6
1.0,0.0,-1.6,-1.6
1.0,0.0,-1.7,-1.5
1.0,0.0,-1.7,-1.5
1.0,0.0,-1.7,-1.5
1.0,0.0,-1.7,-1.5
1.0,0.0,-1.7,-1.5
1.0,0.0,-1.7,-1.5
1.0,0.0,-1.7,-1.5
1.0,0.0,-1.7,-1.5
1.0,0.0,-1.7,-1.5
1.0,0.0,-1.7,-1.5
1.0,0.0,-1.7,-1.5
1.0,0.0,-1.7,-1.5
1.0,0.0,-1.7,-1.5
1.0,0.0,-1.7,-1.5
1.0,0.0,-1.7,-1.5
1.0,0.0,-1.7,-1.5
1.0,0.0,-1.7,-1.5
1.0,0.0,-1.7,-1.5
1.0,0.0,-1.7,-1.5
1.0,0.0,-1.7,-1.5
1.0,0.0,-1.7,-1.5
1.0,0.0,-1.7,-1.5
1.0,0.0,-1.7,-1.5
1.0,0.0,-1.7,-1.5
1.0,0.0,-1.7,-1.5
1.0,0.0,-1.7,-1.5
1.0,0.0,-1.7,-1.5
1.0,0.0,-1.7,-1.4
1.0,0.0,-1.7,-1.4
1.0,0.0,-1.7,-1.4
1.0,0.0,-1.8,-1.3
1.0,0.0,-1.8,-1.3
1.0,0.0,-1.8,-1.3
1.0,0.0,-1.8,-1.3
1.0,0.0,-1.9,-1.2
1.0,0.0,-1.9,-1.2
1.0,0.0,-1.9,-1.2
1.0,0.0,-2.0,-1.1
1.0,0.0,-2.0,-1.1
1.0,0.0,-2.1,-1.0
1.0,0.0,-2.1,-1.0
1.0,0.0,-2.1,-0.9
1.0,0.0,-2.1,-0.9
1.0,0.0,-2.1,-0.9
1.0,0.0,-2.2,-0.8
1.0,0.0,-2.2,-0.8
1.0,0.0,-2.2,-0.8
1.0,0.0,-2.2,-0.8
1.0,0.0,-2.2,-0.8
1.0,0.0,-1.4,-0.0
1.0,0.0,-1.4,-0.0
1.0,0.0,-1.5,0.1
1.0,0.0,-1.5,0.1
1.0,0.0,-1.5,0.1
1.0,0.0,-1.5,0.1
1.0,0.0,-1.5,0.1
1.0,0.0,-1.5,0.1
1.0,0.0,-2.4,-0.5
1.0,0.0,-1.5,0.1
1.0,0.0,-1.5,0.2
1.0,0.0,-1.5,0.2
1.0,0.0,-1.5,0.2
1.0,0.0,-1.5,0.2
1.0,0.0,-1.6,0.3
1.0,0.0,-1.6,0.3
1.0,0.0,-1.6,0.3
1.0,0.0,-1.6,0.3
1.0,0.0,-1.6,0.3
1.0,0.0,-1.6,0.3
1.0,0.0,-1.6,0.3
1.0,0.0,-1.6,0.3
1.0,0.0,-1.6,0.3
1.0,0.0,-1.6,0.3
0.0,1.0,0.0,0.0
0.0,0.0,-5.4,-1.3
0.0,0.0,-10.1,-1.9
0.0,0.0,-13.2,-2.5
0.0,0.0,-15.4,-2.6
0.0,0.0,-16.9,-2.8
0.0,0.0,-18.1,-2.8
0.0,0.0,-20.5,-2.8
0.0,0.0,-23.0,-2.6
0.0,0.0,-25.9,-2.6
0.0,0.0,-28.8,-2.2
0.0,0.0,-31.8,-2.3
0.0,0.0,-35.0,-2.9
0.0,0.0,-37.3,-2.9
0.0,0.0,-40.2,-3.2
0.0,0.0,-42.9,-3.6
0.0,0.0,-44.7,-3.8
0.0,0.0,-46.2,-4.1
0.0,0.0,-47.0,-4.2
0.0,0.0,-47.3,-3.0
0.0,0.0,-48.1,-2.9
0.0,0.0,-48.7,-2.7
0.0,0.0,-49.1,-2.2
0.0,0.0,-50.1,-1.8
0.0,0.0,-52.0,-1.0
0.0,0.0,-54.2,-0.6
0.0,0.0,-56.3,-0.2
0.0,0.0,-58.5,0.2
0.0,0.0,-61.3,0.7
0.0,0.0,-63.6,1.4
0.0,0.0,-66.1,2.1
0.0,0.0,-68.5,2.9
0.0,0.0,-70.6,3.9
0.0,0.0,-73.0,4.5
0.0,0.0,-75.0,5.4
0.0,0.0,-77.6,6.1
0.0,0.0,-79.7,7.1
0.0,0.0,-81.8,7.5
0.0,0.0,-82.9,7.9
0.0,0.0,-84.1,8.1
0.0,0.0,-84.7,8.1
0.0,0.0,-84.5,8.5
0.0,0.0,-84.6,8.6
0.0,0.0,-84.3,9.0
0.0,0.0,-84.1,9.2
0.0,0.0,-84.2,9.2
0.0,0.0,-84.3,9.3
0.0,0.0,-84.7,9.7
0.0,0.0,-86.3,9.8
0.0,0.0,-88.4,10.4
0.0,0.0,-91.8,10.8
0.0,0.0,-95.7,11.1
0.0,0.0,-99.9,11.2
0.0,0.0,-103.9,11.0
0.0,0.0,-107.2,10.8
0.0,0.0,-110.0,11.2
0.0,0.0,-112.4,12.5
0.0,0.0,-114.3,14.6
0.0,0.0,-115.9,17.4
0.0,0.0,-117.0,21.2
0.0,0.0,-119.2,25.1
0.0,0.0,-122.0,29.0
0.0,0.0,-126.0,32.3
0.0,0.0,-130.0,35.6
0.0,0.0,-134.0,38.5
0.0,0.0,-138.4,41.3
0.0,0.0,-142.8,44.8
0.0,0.0,-147.6,47.9
0.0,0.0,-151.7,51.3
0.0,0.0,-156.3,54.0
0.0,0.0,-161.0,56.3
0.0,0.0,-164.9,58.8
0.0,0.0,-169.2,60.8
0.0,0.0,-172.8,63.3
0.0,0.0,-176.1,66.2
0.0,0.0,-179.2,69.6
0.0,0.0,-180.7,74.3
0.0,0.0,-182.9,79.0
0.0,0.0,-185.2,83.5
0.0,0.0,-186.5,88.1
0.0,0.0,-188.1,92.0
0.0,0.0,-189.9,95.9
0.0,0.0,-191.4,99.9
0.0,0.0,-193.5,103.7
0.0,0.0,-195.0,108.2
0.0,0.0,-197.0,112.3
0.0,0.0,-199.0,116.1
0.0,0.0,-201.4,119.9
0.0,0.0,-203.2,123.8
0.0,0.0,-205.0,127.9
0.0,0.0,-206.1,132.9
0.0,0.0,-206.5,138.3
0.0,0.0,-206.7,143.6
0.0,0.0,-205.1,149.3
0.0,0.0,-201.8,154.6
0.0,0.0,-197.9,158.5
0.0,0.0,-193.7,161.5
0.0,0.0,-189.7,164.0
0.0,0.0,-185.6,166.6
0.0,0.0,-181.3,169.3
0.0,0.0,-177.7,171.3
0.0,0.0,-173.2,174.6
0.0,0.0,-168.7,178.8
0.0,0.0,-164.6,183.6
0.0,0.0,-161.0,188.6
0.0,0.0,-158.0,193.5
0.0,0.0,-155.9,197.8
0.0,0.0,-153.8,202.8
0.0,0.0,-151.9,208.2
0.0,0.0,-151.0,213.9
0.0,0.0,-149.5,219.5
0.0,0.0,-149.0,224.5
0.0,0.0,-148.1,229.8
0.0,0.0,-146.9,235.4
0.0,0.0,-145.5,240.8
0.0,0.0,-143.6,246.9
0.0,0.0,-141.3,253.1
0.0,0.0,-138.9,259.3
0.0,0.0,-135.9,265.6
0.0,0.0,-132.7,271.3
0.0,0.0,-129.0,276.9
0.0,0.0,-125.3,281.5
0.0,0.0,-120.9,286.7
0.0,0.0,-116.5,291.1
0.0,0.0,-111.3,295.6
0.0,0.0,-105.7,300.1
0.0,0.0,-99.1,305.3
0.0,0.0,-92.5,309.9
0.0,0.0,-84.9,314.1
0.0,0.0,-77.7,316.9
0.0,0.0,-70.2,319.7
0.0,0.0,-63.0,321.3
0.0,0.0,-55.8,323.0
0.0,0.0,-49.0,324.0
0.0,0.0,-42.6,324.1
0.0,0.0,-36.6,324.6
0.0,0.0,-31.3,324.4
0.0,0.0,-26.6,323.9
0.0,0.0,-21.8,323.3
0.0,0.0,-16.4,322.5
0.0,0.0,-11.2,321.0
0.0,0.0,-5.6,320.4
0.0,0.0,-0.3,320.9
0.0,0.0,5.3,323.2
0.0,0.0,10.2,326.2
0.0,0.0,14.8,329.9
0.0,0.0,19.4,334.4
0.0,0.0,24.0,338.9
0.0,0.0,29.0,343.9
0.0,0.0,33.6,348.2
0.0,0.0,37.9,352.4
0.0,0.0,42.6,356.7
0.0,0.0,47.1,360.7
0.0,0.0,51.3,364.5
0.0,0.0,55.5,368.1
0.0,0.0,59.4,371.3
0.0,0.0,63.2,374.6
0.0,0.0,66.6,377.7
0.0,0.0,69.9,380.7
0.0,0.0,73.1,383.7
0.0,0.0,75.7,386.3
0.0,0.0,78.2,388.6
0.0,0.0,81.1,391.4
0.0,0.0,83.6,393.9
0.0,0.0,85.5,396.0
0.0,0.0,87.3,398.0
0.0,0.0,89.7,400.7
0.0,0.0,92.3,403.6
0.0,0.0,95.2,406.9
0.0,0.0,98.3,410.4
0.0,0.0,102.0,414.5
0.0,0.0,105.5,418.0
0.0,0.0,109.4,421.1
0.0,0.0,112.7,423.8
0.0,0.0,114.7,425.4
0.0,0.0,115.4,425.9
0.0,0.0,115.4,425.9
0.0,0.0,115.4,425.9
0.0,0.0,115.4,425.9
0.0,0.0,115.4,425.9
0.0,0.0,115.4,425.9
0.0,0.0,115.4,425.9
0.0,0.0,115.2,425.7
0.0,0.0,115.2,425.7
0.0,0.0,115.2,425.7
0.0,0.0,115.2,425.7
0.0,0.0,114.8,425.3
0.0,0.0,114.8,425.3
0.0,0.0,114.8,425.3
0.0,0.0,114.8,425.3
0.0,0.0,114.3,424.9
0.0,0.0,114.3,424.9
0.0,0.0,114.3,424.9
0.0,0.0,114.3,424.9
0.0,0.0,114.1,424.7
0.0,0.0,114.1,424.7
0.0,0.0,114.1,424.7
0.0,0.0,114.1,424.7
0.0,0.0,114.1,424.7
0.0,0.0,114.1,424.7
0.0,0.0,114.1,424.7
0.0,0.0,114.4,424.8
0.0,0.0,114.8,425.2
0.0,0.0,115.3,425.5
0.0,0.0,115.2,425.6
0.0,0.0,115.2,425.6
0.0,0.0,115.9,426.0
0.0,0.0,117.5,427.3
0.0,0.0,120.6,429.6
0.0,0.0,124.3,432.7
0.0,0.0,128.0,436.2
0.0,0.0,131.9,440.1
0.0,0.0,135.5,444.6
0.0,0.0,138.6,448.7
0.0,0.0,141.4,453.3
0.0,0.0,143.9,458.0
0.0,0.0,147.1,462.7
0.0,0.0,150.7,467.6
0.0,0.0,155.3,473.4
0.0,0.0,159.8,479.7
0.0,0.0,164.8,486.5
0.0,0.0,170.2,493.3
0.0,0.0,175.7,500.7
0.0,0.0,181.0,508.8
0.0,0.0,184.9,517.2
0.0,0.0,188.3,526.7
0.0,0.0,191.0,536.9
0.0,0.0,193.4,547.5
0.0,0.0,195.9,558.7
0.0,0.0,198.3,570.3
0.0,0.0,202.2,582.6
0.0,0.0,206.9,594.7
0.0,0.0,212.1,600.5
0.0,0.0,216.2,614.9
0.0,0.0,220.7,630.4
0.0,0.0,226.0,644.2
0.0,0.0,231.7,658.4
0.0,0.0,236.9,671.6
0.0,0.0,242.6,685.1
0.0,0.0,248.2,698.6
0.0,0.0,254.2,712.4
0.0,0.0,260.2,726.1
0.0,0.0,266.3,739.8
0.0,0.0,272.5,753.7
0.0,0.0,278.3,767.3
0.0,0.0,284.8,781.4
0.0,0.0,291.0,795.5
0.0,0.0,297.4,810.1
0.0,0.0,304.0,825.1
0.0,0.0,310.9,840.1
0.0,0.0,318.0,855.1
0.0,0.0,324.9,869.7
0.0,0.0,331.7,884.0
0.0,0.0,338.7,898.6
0.0,0.0,345.6,912.6
0.0,0.0,352.2,926.6
0.0,0.0,359.3,940.5
0.0,0.0,367.1,954.2
0.0,0.0,375.9,967.5
0.0,0.0,385.0,980.4
0.0,0.0,395.4,992.7
0.0,0.0,406.5,1004.3
0.0,0.0,417.4,1015.3
0.0,0.0,428.2,1026.0
0.0,0.0,438.7,1036.3
0.0,0.0,448.6,1045.5
0.0,0.0,457.8,1054.0
0.0,0.0,465.7,1060.9
0.0,0.0,472.8,1067.2
0.0,0.0,478.7,1072.2
0.0,0.0,483.8,1076.1
0.0,0.0,489.0,1079.9
0.0,0.0,493.4,1083.3
0.0,0.0,497.1,1087.1
0.0,0.0,498.8,1091.5
0.0,0.0,496.6,1095.0
0.0,0.0,494.2,1098.1
0.0,0.0,490.6,1099.4
0.0,0.0,487.3,1098.7
0.0,0.0,484.4,1097.9
0.0,0.0,482.0,1097.1
0.0,0.0,479.5,1095.6
0.0,0.0,478.9,1095.1
0.0,0.0,479.0,1095.0
0.0,0.0,479.6,1094.8
0.0,0.0,479.7,1094.6
0.0,0.0,480.0,1094.3
0.0,0.0,480.2,1094.1
0.0,0.0,480.3,1094.0
0.0,0.0,480.3,1094.0
0.0,0.0,480.4,1093.9
0.0,0.0,480.5,1093.7
0.0,0.0,481.0,1093.3
0.0,0.0,481.0,1093.2
0.0,0.0,481.4,1092.8
0.0,0.0,481.4,1092.8
0.0,0.0,482.1,1092.9
0.0,0.0,482.2,1092.8
0.0,0.0,482.5,1092.5
0.0,0.0,482.5,1092.5
0.0,0.0,482.9,1092.1
0.0,0.0,482.9,1092.1
0.0,0.0,483.7,1092.1
0.0,0.0,483.8,1092.0
0.0,0.0,484.4,1091.4
0.0,0.0,484.4,1091.4
0.0,0.0,484.5,1091.3
0.0,0.0,484.5,1091.3
0.0,0.0,484.5,1091.3
0.0,0.0,484.5,1091.3
0.0,0.0,484.5,1091.3
0.0,0.0,484.6,1091.2
0.0,0.0,484.6,1091.2
0.0,0.0,484.6,1091.1
0.0,0.0,484.7,1091.1
0.0,0.0,484.3,1090.7
0.0,0.0,484.4,1090.6
0.0,0.0,484.4,1090.6
0.0,0.0,484.5,1090.5
0.0,0.0,484.5,1090.5
0.0,0.0,484.5,1090.5
0.0,0.0,484.5,1090.5
0.0,0.0,484.6,1090.4
0.0,0.0,484.7,1090.3
0.0,0.0,484.8,1090.2
0.0,0.0,484.8,1090.2
0.0,0.0,484.3,1089.8
0.0,0.0,484.3,1089.8
0.0,0.0,484.4,1089.7
0.0,0.0,484.4,1089.7
0.0,0.0,484.5,1089.7
0.0,0.0,485.1,1089.9
0.0,0.0,484.7,1089.5
0.0,0.0,484.0,1090.1
0.0,0.0,483.6,1090.2
0.0,0.0,483.5,1090.3
0.0,0.0,483.4,1090.4
0.0,0.0,483.2,1090.5
0.0,0.0,482.9,1090.2
0.0,0.0,482.9,1090.3
0.0,0.0,482.9,1090.3
0.0,1.0,0.0,0.0
0.0,0.0,6.3,2.0
0.0,0.0,8.7,9.6
0.0,0.0,9.4,17.9
0.0,0.0,6.1,25.7
0.0,0.0,3.0,32.0
0.0,0.0,1.5,38.8
0.0,0.0,0.6,46.7
0.0,0.0,0.8,52.7
0.0,0.0,1.5,58.6
0.0,0.0,0.7,62.6
0.0,0.0,-2.0,67.6
0.0,0.0,-6.9,71.1
0.0,0.0,-13.0,75.1
0.0,0.0,-20.6,78.6
0.0,0.0,-28.7,83.5
0.0,0.0,-37.5,87.6
0.0,0.0,-47.4,89.6
0.0,0.0,-58.1,89.6
0.0,0.0,-69.0,88.4
0.0,0.0,-79.7,85.9
0.0,0.0,-87.7,84.6
0.0,0.0,-92.7,83.1
0.0,0.0,-94.6,82.8
0.0,0.0,-95.8,82.1
0.0,0.0,-97.8,81.8
0.0,0.0,-100.9,83.2
0.0,0.0,-104.8,85.0
0.0,0.0,-107.3,89.9
0.0,0.0,-109.2,97.0
0.0,0.0,-111.3,105.3
0.0,0.0,-113.1,116.0
0.0,0.0,-115.4,127.1
0.0,0.0,-118.0,139.4
0.0,0.0,-120.9,153.2
0.0,0.0,-124.3,167.1
0.0,0.0,-127.0,183.5
0.0,0.0,-130.8,198.8
0.0,0.0,-134.5,216.7
0.0,0.0,-139.1,233.9
0.0,0.0,-144.5,251.3
0.0,0.0,-150.8,268.0
0.0,0.0,-157.7,286.1
0.0,0.0,-167.5,301.9
0.0,0.0,-178.8,318.2
0.0,0.0,-191.6,334.2
0.0,0.0,-205.8,349.4
0.0,0.0,-220.6,363.8
0.0,0.0,-235.7,378.1
0.0,0.0,-252.3,389.5
0.0,0.0,-270.3,399.0
0.0,0.0,-289.7,406.6
0.0,0.0,-310.1,413.5
0.0,0.0,-331.6,419.5
0.0,0.0,-353.5,425.9
0.0,0.0,-375.4,432.1
0.0,0.0,-396.4,438.0
0.0,0.0,-416.2,443.3
0.0,0.0,-435.0,444.4
0.0,0.0,-451.1,446.7
0.0,0.0,-464.8,448.1
0.0,0.0,-476.1,449.5
0.0,0.0,-482.5,450.0
0.0,0.0,-485.2,448.8
0.0,0.0,-484.4,449.7
0.0,0.0,-483.7,449.4
0.0,0.0,-483.3,449.2
0.0,0.0,-483.2,449.1
0.0,0.0,-483.0,449.0
0.0,0.0,-483.2,447.9
0.0,0.0,-483.1,447.9
0.0,0.0,-483.0,447.8
0.0,0.0,-482.9,447.8
0.0,0.0,-482.9,447.8
0.0,0.0,-482.8,447.7
0.0,0.0,-482.7,447.7
0.0,0.0,-483.2,446.7
0.0,0.0,-482.7,447.7
0.0,0.0,-482.7,447.7
0.0,0.0,-482.7,447.7
0.0,0.0,-482.7,447.7
0.0,0.0,-482.7,447.7
0.0,0.0,-482.7,447.7
0.0,0.0,-482.7,447.7
0.0,0.0,-483.0,446.6
0.0,0.0,-483.0,446.6
0.0,0.0,-483.0,446.6
0.0,0.0,-483.0,446.6
0.0,0.0,-483.0,446.6
0.0,0.0,-483.0,446.6
0.0,0.0,-483.0,446.6
0.0,0.0,-483.0,446.6
0.0,0.0,-483.0,446.6
0.0,0.0,-483.0,446.6
0.0,0.0,-483.0,446.6
0.0,0.0,-483.0,446.6
0.0,0.0,-482.7,446.5
0.0,0.0,-482.6,446.4
0.0,0.0,-482.5,446.3
0.0,0.0,-482.4,446.3
0.0,0.0,-482.3,446.3
0.0,0.0,-482.2,446.2
0.0,0.0,-482.1,446.2
0.0,0.0,-482.2,446.2
0.0,0.0,-482.3,446.3
0.0,0.0,-482.4,446.3
0.0,0.0,-482.4,446.3
0.0,0.0,-482.5,446.3
0.0,0.0,-482.6,446.4
0.0,0.0,-482.7,446.5
0.0,0.0,-484.3,447.2
0.0,0.0,-487.5,448.6
0.0,0.0,-491.9,450.6
0.0,0.0,-497.4,451.9
0.0,0.0,-502.8,454.3
0.0,0.0,-509.4,457.4
0.0,0.0,-516.9,462.1
0.0,0.0,-525.7,466.1
0.0,0.0,-534.9,470.3
0.0,0.0,-544.6,476.0
0.0,0.0,-555.9,481.2
0.0,0.0,-567.5,486.5
0.0,0.0,-579.3,491.9
0.0,0.0,-592.1,496.5
0.0,0.0,-605.7,500.3
0.0,0.0,-620.4,500.7
0.0,0.0,-634.7,499.9
0.0,0.0,-649.4,496.6
0.0,0.0,-664.0,490.8
0.0,0.0,-678.3,484.9
0.0,0.0,-693.0,480.4
0.0,0.0,-708.9,476.6
0.0,0.0,-725.2,475.2
0.0,0.0,-742.4,475.7
0.0,0.0,-760.7,475.4
0.0,0.0,-778.4,476.0
0.0,0.0,-797.0,475.8
0.0,0.0,-816.1,474.5
0.0,0.0,-834.7,475.6
0.0,0.0,-853.7,475.5
0.0,0.0,-871.7,477.4
0.0,0.0,-889.6,480.7
0.0,0.0,-906.3,485.9
0.0,0.0,-923.1,489.8
0.0,0.0,-940.5,491.5
0.0,0.0,-957.9,492.0
0.0,0.0,-975.8,490.1
0.0,0.0,-993.6,485.9
0.0,0.0,-1011.3,479.0
0.0,0.0,-1028.6,472.0
0.0,0.0,-1045.4,464.6
0.0,0.0,-1061.1,458.1
0.0,0.0,-1075.4,452.2
0.0,0.0,-1088.0,446.8
0.0,0.0,-1098.7,441.7
0.0,0.0,-1107.5,435.8
0.0,0.0,-1114.1,430.2
0.0,0.0,-1120.6,422.1
0.0,0.0,-1127.4,415.3
0.0,0.0,-1135.1,410.1
0.0,0.0,-1143.1,410.0
0.0,0.0,-1150.8,416.0
0.0,0.0,-1155.8,425.7
0.0,0.0,-1156.3,437.2
0.0,0.0,-1153.8,449.7
0.0,0.0,-1151.8,463.7
0.0,0.0,-1151.7,478.6
0.0,0.0,-1152.8,494.1
0.0,0.0,-1154.5,509.8
0.0,0.0,-1157.0,524.6
0.0,0.0,-1159.3,540.6
0.0,0.0,-1161.9,555.6
0.0,0.0,-1164.4,570.3
0.0,0.0,-1166.6,586.3
0.0,0.0,-1169.3,602.6
0.0,0.0,-1172.4,619.0
0.0,0.0,-1175.5,636.5
0.0,0.0,-1179.0,654.4
0.0,0.0,-1182.9,673.7
0.0,0.0,-1188.2,692.4
0.0,0.0,-1194.4,710.2
0.0,0.0,-1200.6,729.3
0.0,0.0,-1208.5,747.9
0.0,0.0,-1216.3,767.7
0.0,0.0,-1224.9,786.7
0.0,0.0,-1234.6,804.9
0.0,0.0,-1244.6,823.2
0.0,0.0,-1255.2,841.9
0.0,0.0,-1266.1,859.4
0.0,0.0,-1277.5,875.9
0.0,0.0,-1289.3,891.3
0.0,0.0,-1299.9,906.2
0.0,0.0,-1310.2,918.3
0.0,0.0,-1318.7,927.1
0.0,0.0,-1325.7,934.1
0.0,0.0,-1332.3,939.6
0.0,0.0,-1339.6,942.9
0.0,0.0,-1346.8,944.9
0.0,0.0,-1352.8,949.0
0.0,0.0,-1356.8,954.5
0.0,0.0,-1355.6,961.4
0.0,0.0,-1347.7,967.7
0.0,0.0,-1340.9,973.1
0.0,0.0,-1331.1,978.6
0.0,0.0,-1320.9,986.5
0.0,0.0,-1310.8,999.2
0.0,0.0,-1303.7,1012.2
0.0,0.0,-1298.1,1024.5
0.0,0.0,-1292.9,1037.0
0.0,0.0,-1288.4,1049.9
0.0,0.0,-1283.2,1063.8
0.0,0.0,-1279.7,1074.5
0.0,0.0,-1276.6,1084.3
0.0,0.0,-1275.4,1091.1
0.0,0.0,-1278.1,1097.3
0.0,0.0,-1283.3,1100.9
0.0,0.0,-1289.7,1103.9
0.0,0.0,-1296.4,1105.7
0.0,0.0,-1301.6,1108.1
0.0,0.0,-1305.9,1108.8
0.0,0.0,-1309.8,1109.3
0.0,0.0,-1313.1,1108.4
0.0,0.0,-1315.5,1107.0
0.0,0.0,-1317.2,1105.3
0.0,0.0,-1317.8,1104.4
0.0,0.0,-1318.2,1103.4
0.0,0.0,-1318.1,1103.3
0.0,0.0,-1318.1,1103.3
0.0,0.0,-1318.7,1102.4
0.0,0.0,-1319.1,1101.4
0.0,0.0,-1319.7,1100.4
0.0,0.0,-1320.8,1098.4
0.0,0.0,-1321.9,1096.4
0.0,0.0,-1323.2,1094.5
0.0,0.0,-1325.0,1091.7
0.0,0.0,-1328.0,1087.0
0.0,0.0,-1330.9,1083.3
0.0,0.0,-1333.7,1079.7
0.0,0.0,-1337.0,1075.0
0.0,0.0,-1340.0,1070.2
0.0,0.0,-1342.9,1065.4
0.0,0.0,-1344.0,1062.2
0.0,0.0,-1343.8,1058.4
0.0,0.0,-1342.2,1056.4
0.0,0.0,-1340.4,1055.6
0.0,0.0,-1339.7,1055.3
0.0,0.0,-1339.7,1055.3
0.0,0.0,-1340.4,1055.6
0.0,0.0,-1341.7,1056.2
0.0,0.0,-1343.1,1056.8
0.0,0.0,-1344.3,1057.4
0.0,0.0,-1345.5,1056.7
0.0,0.0,-1345.8,1056.8
0.0,0.0,-1345.8,1056.8
0.0,0.0,-1345.6,1056.7
0.0,0.0,-1344.5,1058.7
0.0,0.0,-1343.2,1061.8
0.0,0.0,-1340.7,1066.8
0.0,0.0,-1338.1,1071.9
0.0,0.0,-1334.7,1077.6
0.0,0.0,-1331.0,1083.5
0.0,0.0,-1327.5,1089.2
0.0,0.0,-1323.6,1094.9
0.0,0.0,-1320.5,1099.6
0.0,0.0,-1318.5,1102.3
0.0,0.0,-1316.7,1105.2
0.0,0.0,-1315.1,1107.0
0.0,0.0,-1312.7,1109.6
0.0,0.0,-1310.1,1110.8
0.0,0.0,-1308.2,1109.9
0.0,0.0,-1306.2,1109.1
0.0,0.0,-1304.6,1108.3
0.0,0.0,-1303.3,1109.0
0.0,0.0,-1303.2,1108.9
0.0,0.0,-1303.2,1108.9
0.0,0.0,-1303.2,1108.9
0.0,0.0,-1303.3,1109.0
0.0,0.0,-1304.0,1108.1
0.0,0.0,-1304.5,1108.3
0.0,0.0,-1305.4,1108.7
0.0,0.0,-1306.4,1109.2
0.0,0.0,-1307.5,1109.6
0.0,0.0,-1308.0,1111.1
0.0,0.0,-1308.9,1111.5
0.0,0.0,-1309.5,1111.7
0.0,0.0,-1309.7,1111.9
0.0,0.0,-1309.7,1111.9
0.0,0.0,-1309.7,1111.9
0.0,0.0,-1309.7,1111.9
0.0,0.0,-1309.7,1111.9
0.0,0.0,-1309.8,1111.9
0.0,0.0,-1309.7,1111.9
0.0,0.0,-1310.2,1110.9
0.0,0.0,-1310.2,1110.9
0.0,0.0,-1310.2,1110.9
0.0,0.0,-1309.6,1111.8
0.0,0.0,-1310.1,1110.8
0.0,0.0,-1310.1,1110.8
0.0,0.0,-1310.1,1110.8
0.0,0.0,-1310.1,1110.8
0.0,0.0,-1310.1,1110.8
0.0,0.0,-1310.1,1110.8
0.0,0.0,-1310.1,1110.8
0.0,0.0,-1310.1,1110.8
0.0,0.0,-1310.1,1110.8
0.0,0.0,-1310.1,1110.8
0.0,0.0,-1310.2,1110.9
0.0,0.0,-1310.2,1110.9
0.0,0.0,-1310.3,1110.9
0.0,0.0,-1310.4,1110.9
0.0,0.0,-1310.4,1110.9
0.0,0.0,-1310.4,1110.9
0.0,0.0,-1310.4,1110.9
0.0,0.0,-1310.5,1111.0
0.0,0.0,-1311.0,1110.0
0.0,0.0,-1311.0,1110.0
0.0,0.0,-1311.0,1110.0
0.0,0.0,-1311.0,1110.0
0.0,0.0,-1311.0,1110.0
0.0,0.0,-1311.0,1110.0
0.0,0.0,-1311.0,1110.0
0.0,0.0,-1311.0,1110.0
0.0,0.0,-1311.0,1110.0
0.0,0.0,-1311.0,1110.0
0.0,0.0,-1311.2,1110.1
0.0,0.0,-1311.2,1110.1
0.0,0.0,-1311.2,1110.1
0.0,0.0,-1311.2,1110.1
0.0,0.0,-1311.3,1110.1
0.0,0.0,-1311.3,1110.1
0.0,0.0,-1311.3,1110.1
0.0,0.0,-1311.3,1110.1
0.0,0.0,-1311.3,1110.1
0.0,0.0,-1311.3,1110.2
0.0,0.0,-1310.9,1111.2
0.0,0.0,-1310.9,1111.2
0.0,0.0,-1310.9,1111.2
0.0,1.0,0.0,0.0
0.0,0.0,-13.0,-2.1
0.0,0.0,-8.9,2.7
0.0,0.0,-6.7,6.3
0.0,0.0,-2.7,9.9
0.0,0.0,2.7,13.6
0.0,0.0,16.1,24.1
0.0,0.0,14.0,22.7
0.0,0.0,24.9,30.5
0.0,0.0,13.5,20.5
0.0,0.0,4.2,12.7
0.0,0.0,-0.8,7.4
0.0,0.0,-5.1,1.6
0.0,0.0,-6.7,-5.8
0.0,0.0,-11.1,-17.0
0.0,0.0,-22.9,-17.0
0.0,0.0,-17.5,-31.3
0.0,0.0,-16.3,-37.3
0.0,0.0,-11.3,-40.3
0.0,0.0,-5.7,-44.2
0.0,0.0,-1.8,-48.7
0.0,0.0,2.0,-50.9
0.0,0.0,6.6,-52.3
0.0,0.0,2.7,-54.4
0.0,0.0,-2.7,-56.0
0.0,0.0,7.8,-51.4
0.0,0.0,13.6,-48.0
0.0,0.0,19.2,-45.9
0.0,0.0,26.0,-45.3
0.0,0.0,18.9,-58.6
0.0,0.0,52.4,-45.5
0.0,0.0,54.1,-55.3
0.0,0.0,57.6,-63.5
0.0,0.0,60.4,-75.1
0.0,0.0,66.8,-82.9
0.0,0.0,73.0,-92.3
0.0,0.0,78.1,-102.7
0.0,0.0,82.9,-112.6
0.0,0.0,89.0,-130.1
0.0,0.0,93.5,-141.0
0.0,0.0,98.4,-151.3
0.0,0.0,100.4,-154.8
0.0,0.0,105.4,-164.3
0.0,0.0,110.3,-174.2
0.0,0.0,120.7,-175.4
0.0,0.0,126.1,-184.3
0.0,0.0,131.4,-193.0
0.0,0.0,136.7,-201.6
0.0,0.0,142.3,-210.2
0.0,0.0,148.7,-218.9
0.0,0.0,155.8,-227.2
0.0,0.0,163.6,-235.3
0.0,0.0,171.9,-242.9
0.0,0.0,180.4,-249.4
0.0,0.0,189.3,-256.3
0.0,0.0,197.4,-262.2
0.0,0.0,204.1,-266.4
0.0,0.0,208.7,-270.0
0.0,0.0,211.5,-273.2
0.0,0.0,211.1,-274.3
0.0,0.0,210.6,-274.4
0.0,0.0,210.3,-275.0
0.0,0.0,210.6,-275.9
0.0,0.0,211.1,-278.4
0.0,0.0,210.1,-283.3
0.0,0.0,207.8,-288.0
0.0,0.0,204.6,-294.2
0.0,0.0,200.7,-303.1
0.0,0.0,196.7,-312.1
0.0,0.0,192.3,-321.9
0.0,0.0,188.5,-332.3
0.0,0.0,184.4,-344.4
0.0,0.0,180.8,-357.2
0.0,0.0,178.2,-370.4
0.0,0.0,176.3,-384.8
0.0,0.0,175.0,-400.2
0.0,0.0,174.4,-416.1
0.0,0.0,173.8,-432.0
0.0,0.0,173.7,-448.7
0.0,0.0,173.6,-465.0
0.0,0.0,173.6,-481.2
0.0,0.0,173.5,-496.8
0.0,0.0,173.0,-512.4
0.0,0.0,172.9,-527.6
0.0,0.0,173.1,-542.7
0.0,0.0,173.8,-557.8
0.0,0.0,175.2,-572.8
0.0,0.0,177.0,-588.5
0.0,0.0,178.8,-604.2
0.0,0.0,181.0,-620.0
0.0,0.0,183.9,-634.6
0.0,0.0,187.2,-649.6
0.0,0.0,191.0,-664.4
0.0,0.0,195.0,-678.9
0.0,0.0,199.2,-693.3
0.0,0.0,203.2,-708.1
0.0,0.0,206.9,-723.1
0.0,0.0,209.9,-738.4
0.0,0.0,211.9,-752.9
0.0,0.0,213.3,-767.6
0.0,0.0,213.3,-782.3
0.0,0.0,212.3,-797.1
0.0,0.0,210.5,-811.5
0.0,0.0,207.7,-825.6
0.0,0.0,203.8,-839.3
0.0,0.0,198.8,-853.0
0.0,0.0,191.6,-866.7
0.0,0.0,184.7,-879.1
0.0,0.0,176.9,-890.4
0.0,0.0,168.5,-901.5
0.0,0.0,160.1,-910.8
0.0,0.0,151.0,-920.0
0.0,0.0,141.1,-928.0
0.0,0.0,131.1,-936.9
0.0,0.0,120.7,-945.4
0.0,0.0,110.4,-954.0
0.0,0.0,100.4,-962.7
0.0,0.0,90.7,-970.5
0.0,0.0,81.5,-978.7
0.0,0.0,72.3,-986.1
0.0,0.0,63.4,-992.7
0.0,0.0,55.2,-998.9
0.0,0.0,47.2,-1005.1
0.0,0.0,39.2,-1010.3
0.0,0.0,31.8,-1015.6
0.0,0.0,25.2,-1019.9
0.0,0.0,19.7,-1023.4
0.0,0.0,15.2,-1025.1
0.0,0.0,11.3,-1026.9
0.0,0.0,6.6,-1029.1
0.0,0.0,0.8,-1031.1
0.0,0.0,-4.8,-1034.1
0.0,0.0,-9.2,-1038.1
0.0,0.0,-7.2,-1044.7
0.0,0.0,-3.4,-1050.7
0.0,0.0,3.3,-1056.7
0.0,0.0,11.3,-1063.0
0.0,0.0,17.9,-1070.4
0.0,0.0,25.6,-1077.1
0.0,0.0,33.0,-1085.7
0.0,0.0,40.9,-1094.4
0.0,0.0,49.5,-1103.5
0.0,0.0,58.9,-1111.9
0.0,0.0,68.3,-1120.7
0.0,0.0,77.6,-1130.3
0.0,0.0,87.3,-1141.0
0.0,0.0,97.5,-1152.4
0.0,0.0,107.9,-1163.8
0.0,0.0,118.1,-1176.3
0.0,0.0,128.3,-1188.0
0.0,0.0,137.9,-1200.3
0.0,0.0,146.8,-1212.6
0.0,0.0,154.5,-1225.0
0.0,0.0,160.8,-1238.4
0.0,0.0,165.6,-1252.4
0.0,0.0,169.8,-1266.8
0.0,0.0,173.2,-1281.3
0.0,0.0,175.6,-1296.3
0.0,0.0,177.4,-1310.5
0.0,0.0,179.2,-1325.2
0.0,0.0,180.7,-1339.8
0.0,0.0,181.6,-1355.2
0.0,0.0,182.7,-1370.7
0.0,0.0,184.1,-1386.2
0.0,0.0,186.2,-1401.6
0.0,0.0,189.2,-1416.4
0.0,0.0,192.5,-1431.5
0.0,0.0,196.3,-1446.6
0.0,0.0,200.6,-1461.0
0.0,0.0,204.9,-1475.5
0.0,0.0,208.7,-1490.5
0.0,0.0,212.5,-1505.6
0.0,0.0,216.4,-1520.3
0.0,0.0,220.5,-1535.2
0.0,0.0,225.2,-1549.5
0.0,0.0,230.3,-1563.9
0.0,0.0,236.3,-1578.2
0.0,0.0,243.6,-1591.6
0.0,0.0,252.3,-1605.2
0.0,0.0,261.2,-1617.6
0.0,0.0,269.9,-1629.1
0.0,0.0,278.2,-1639.7
0.0,0.0,285.5,-1648.3
0.0,0.0,291.2,-1657.0
0.0,0.0,294.2,-1665.4
0.0,0.0,293.9,-1674.5
0.0,0.0,291.7,-1684.5
0.0,0.0,286.6,-1695.4
0.0,0.0,282.0,-1706.3
0.0,0.0,276.6,-1715.8
0.0,0.0,268.5,-1724.5
0.0,0.0,259.2,-1730.4
0.0,0.0,242.4,-1732.8
0.0,0.0,228.7,-1736.0
0.0,0.0,215.2,-1738.2
0.0,0.0,202.2,-1740.4
0.0,0.0,189.0,-1742.3
0.0,0.0,175.9,-1743.6
0.0,0.0,163.2,-1745.9
0.0,0.0,150.9,-1747.6
0.0,0.0,138.6,-1748.8
0.0,0.0,126.3,-1748.0
0.0,0.0,113.6,-1744.9
0.0,0.0,100.7,-1741.6
0.0,0.0,87.5,-1738.2
0.0,0.0,74.5,-1734.8
0.0,0.0,61.5,-1731.6
0.0,0.0,48.8,-1727.5
0.0,0.0,36.6,-1722.4
0.0,0.0,24.4,-1716.7
0.0,0.0,11.7,-1712.0
0.0,0.0,-1.4,-1706.6
0.0,0.0,-14.8,-1700.7
0.0,0.0,-29.4,-1694.6
0.0,0.0,-44.4,-1689.2
0.0,0.0,-58.8,-1683.4
0.0,0.0,-73.8,-1679.5
0.0,0.0,-89.1,-1676.4
0.0,0.0,-104.8,-1673.9
0.0,0.0,-120.5,-1671.8
0.0,0.0,-136.2,-1670.6
0.0,0.0,-151.6,-1668.3
0.0,0.0,-165.8,-1666.5
0.0,0.0,-178.7,-1664.5
0.0,0.0,-189.9,-1662.6
0.0,0.0,-199.5,-1661.5
0.0,0.0,-208.1,-1662.1
0.0,0.0,-215.8,-1665.2
0.0,0.0,-223.0,-1670.0
0.0,0.0,-229.3,-1676.1
0.0,0.0,-235.5,-1683.9
0.0,0.0,-241.6,-1692.1
0.0,0.0,-248.0,-1701.6
0.0,0.0,-253.9,-1712.4
0.0,0.0,-259.2,-1722.6
0.0,0.0,-264.3,-1734.3
0.0,0.0,-270.4,-1747.2
0.0,0.0,-277.9,-1761.0
0.0,0.0,-286.5,-1774.1
0.0,0.0,-296.0,-1784.1
0.0,0.0,-306.8,-1794.8
0.0,0.0,-319.1,-1803.9
0.0,0.0,-330.7,-1811.3
0.0,0.0,-344.1,-1818.7
0.0,0.0,-358.0,-1824.0
0.0,0.0,-373.0,-1826.3
0.0,0.0,-387.7,-1829.6
0.0,0.0,-402.7,-1832.7
0.0,0.0,-417.5,-1835.6
0.0,0.0,-433.0,-1835.5
0.0,0.0,-447.0,-1835.9
0.0,0.0,-459.7,-1835.5
0.0,0.0,-471.3,-1834.6
0.0,0.0,-482.6,-1835.0
0.0,0.0,-493.8,-1834.9
0.0,0.0,-505.2,-1835.3
0.0,0.0,-516.3,-1836.5
0.0,0.0,-527.2,-1838.7
0.0,0.0,-538.2,-1841.8
0.0,0.0,-549.1,-1844.4
0.0,0.0,-559.7,-1846.0
0.0,0.0,-569.7,-1846.4
0.0,0.0,-579.7,-1845.8
0.0,0.0,-589.4,-1843.2
0.0,0.0,-598.2,-1841.6
0.0,0.0,-606.8,-1840.3
0.0,0.0,-614.9,-1841.3
0.0,0.0,-621.3,-1843.5
0.0,0.0,-626.0,-1849.4
0.0,0.0,-631.1,-1858.8
0.0,0.0,-636.9,-1868.3
0.0,0.0,-643.7,-1877.9
0.0,0.0,-651.1,-1886.6
0.0,0.0,-659.1,-1894.5
0.0,0.0,-666.9,-1901.1
0.0,0.0,-674.2,-1907.2
0.0,0.0,-680.5,-1911.8
0.0,0.0,-685.3,-1916.1
0.0,0.0,-686.9,-1921.8
0.0,0.0,-683.2,-1928.9
0.0,0.0,-678.0,-1935.0
0.0,0.0,-671.4,-1942.7
0.0,0.0,-663.9,-1950.1
0.0,0.0,-656.6,-1957.2
0.0,0.0,-649.1,-1965.2
0.0,0.0,-641.4,-1972.9
0.0,0.0,-633.7,-1980.7
0.0,0.0,-626.5,-1988.1
0.0,0.0,-619.2,-1995.9
0.0,0.0,-612.2,-2002.9
0.0,0.0,-605.2,-2010.0
0.0,0.0,-598.2,-2017.3
0.0,0.0,-591.2,-2024.5
0.0,0.0,-584.0,-2032.2
0.0,0.0,-576.8,-2039.5
0.0,0.0,-569.6,-2047.1
0.0,0.0,-562.3,-2054.4
0.0,0.0,-554.9,-2061.6
0.0,0.0,-547.7,-2068.9
0.0,0.0,-540.6,-2076.1
0.0,0.0,-533.4,-2083.8
0.0,0.0,-526.1,-2091.0
0.0,0.0,-518.7,-2098.7
0.0,0.0,-511.3,-2106.5
0.0,0.0,-504.2,-2113.6
0.0,0.0,-497.0,-2120.9
0.0,0.0,-489.9,-2127.6
0.0,0.0,-483.0,-2135.1
0.0,0.0,-476.1,-2141.8
0.0,0.0,-469.1,-2149.0
0.0,0.0,-461.9,-2156.1
0.0,0.0,-454.7,-2163.5
0.0,0.0,-448.0,-2170.4
0.0,0.0,-441.6,-2177.3
0.0,0.0,-435.6,-2183.6
0.0,0.0,-429.8,-2190.0
0.0,0.0,-424.5,-2195.8
0.0,0.0,-420.6,-2200.6
0.0,0.0,-419.0,-2205.0
0.0,0.0,-422.2,-2208.5
0.0,0.0,-426.9,-2211.9
0.0,0.0,-432.6,-2215.7
0.0,0.0,-439.1,-2221.1
0.0,0.0,-446.2,-2227.1
0.0,0.0,-453.6,-2232.7
0.0,0.0,-460.6,-2238.4
0.0,0.0,-466.9,-2243.9
0.0,0.0,-472.6,-2248.7
0.0,0.0,-476.9,-2253.0
0.0,0.0,-480.0,-2256.1
0.0,0.0,-482.1,-2257.5
0.0,0.0,-482.8,-2258.4
0.0,0.0,-482.8,-2258.8
0.0,0.0,-482.5,-2259.7
0.0,0.0,-483.5,-2260.6
0.0,0.0,-484.8,-2261.4
0.0,0.0,-486.1,-2262.7
0.0,0.0,-488.2,-2264.3
0.0,0.0,-490.4,-2265.8
0.0,0.0,-492.3,-2267.6
0.0,0.0,-493.8,-2268.8
0.0,0.0,-494.7,-2270.3
0.0,0.0,-495.3,-2270.8
0.0,0.0,-495.7,-2271.7
0.0,0.0,-495.8,-2272.3
0.0,0.0,-495.9,-2272.3
0.0,0.0,-495.9,-2272.3
0.0,0.0,-496.0,-2272.3
0.0,0.0,-495.9,-2272.3
0.0,0.0,-495.8,-2272.3
0.0,0.0,-495.8,-2272.5
0.0,0.0,-495.5,-2274.3
0.0,0.0,-494.4,-2277.8
0.0,0.0,-491.8,-2282.1
0.0,0.0,-487.3,-2287.0
0.0,0.0,-481.2,-2291.3
0.0,0.0,-473.9,-2296.4
0.0,0.0,-465.1,-2301.6
0.0,0.0,-455.9,-2307.5
0.0,0.0,-446.0,-2313.9
0.0,0.0,-435.5,-2320.4
0.0,0.0,-425.5,-2326.6
0.0,0.0,-414.5,-2333.1
0.0,0.0,-402.1,-2340.2
0.0,0.0,-389.1,-2347.3
0.0,0.0,-376.1,-2354.7
0.0,0.0,-363.4,-2361.5
0.0,0.0,-350.5,-2368.3
0.0,0.0,-338.0,-2374.9
0.0,0.0,-326.4,-2381.0
0.0,0.0,-315.3,-2386.2
0.0,0.0,-304.9,-2391.2
0.0,0.0,-295.8,-2395.0
0.0,0.0,-288.5,-2398.6
0.0,0.0,-282.7,-2402.9
0.0,0.0,-278.3,-2407.8
0.0,0.0,-276.7,-2415.4
0.0,0.0,-278.7,-2422.8
0.0,0.0,-281.6,-2430.1
0.0,0.0,-284.5,-2437.8
0.0,0.0,-287.5,-2446.7
0.0,0.0,-290.7,-2455.9
0.0,0.0,-293.9,-2466.0
0.0,0.0,-297.1,-2477.5
0.0,0.0,-300.4,-2489.0
0.0,0.0,-304.1,-2500.6
0.0,0.0,-307.5,-2511.5
0.0,0.0,-310.9,-2522.6
0.0,0.0,-314.1,-2532.2
0.0,0.0,-317.0,-2541.5
0.0,0.0,-319.8,-2549.2
0.0,0.0,-322.5,-2555.0
0.0,0.0,-324.8,-2558.5
0.0,0.0,-330.6,-2560.1
0.0,0.0,-337.8,-2557.6
0.0,0.0,-344.9,-2555.1
0.0,0.0,-352.4,-2551.4
0.0,0.0,-359.9,-2547.5
0.0,0.0,-367.1,-2545.0
0.0,0.0,-373.5,-2542.0
0.0,0.0,-380.3,-2538.8
0.0,0.0,-387.1,-2535.7
0.0,0.0,-394.3,-2533.0
0.0,0.0,-401.7,-2530.7
0.0,0.0,-409.6,-2528.3
0.0,0.0,-417.6,-2525.7
0.0,0.0,-426.0,-2523.4
0.0,0.0,-433.9,-2520.5
0.0,0.0,-442.1,-2518.1
0.0,0.0,-450.5,-2516.0
0.0,0.0,-459.2,-2513.9
0.0,0.0,-467.5,-2513.0
0.0,0.0,-475.7,-2511.7
0.0,0.0,-483.7,-2510.1
0.0,0.0,-491.5,-2509.1
0.0,0.0,-499.4,-2507.4
0.0,0.0,-507.4,-2506.3
0.0,0.0,-515.6,-2504.7
0.0,0.0,-524.0,-2503.6
0.0,0.0,-532.5,-2502.5
0.0,0.0,-541.0,-2501.7
0.0,0.0,-549.4,-2501.2
0.0,0.0,-557.4,-2500.6
0.0,0.0,-565.6,-2499.7
0.0,0.0,-573.6,-2499.9
0.0,0.0,-581.9,-2499.6
0.0,0.0,-591.0,-2499.6
0.0,0.0,-600.4,-2501.7
0.0,0.0,-609.3,-2502.4
0.0,0.0,-617.0,-2502.9
0.0,0.0,-622.6,-2502.5
0.0,0.0,-626.7,-2500.6
0.0,0.0,-629.3,-2497.0
0.0,0.0,-630.1,-2491.8
0.0,0.0,-629.6,-2485.4
0.0,0.0,-629.0,-2478.5
0.0,0.0,-628.6,-2471.1
0.0,0.0,-628.2,-2464.2
0.0,0.0,-627.6,-2457.2
0.0,0.0,-626.1,-2450.3
0.0,0.0,-622.8,-2443.6
0.0,0.0,-617.9,-2437.6
0.0,0.0,-611.6,-2432.1
0.0,0.0,-604.9,-2426.2
0.0,0.0,-598.0,-2420.3
0.0,0.0,-591.2,-2414.7
0.0,0.0,-585.0,-2409.0
0.0,0.0,-579.5,-2404.5
0.0,0.0,-573.3,-2401.0
0.0,0.0,-566.5,-2400.0
0.0,0.0,-560.4,-2400.9
0.0,0.0,-554.8,-2403.0
0.0,0.0,-550.5,-2405.5
0.0,0.0,-547.4,-2406.9
0.0,0.0,-546.1,-2407.4
0.0,0.0,-545.8,-2407.6
0.0,0.0,-545.6,-2407.6
0.0,0.0,-545.4,-2407.6
0.0,0.0,-544.6,-2408.0
0.0,0.0,-544.4,-2408.0
0.0,0.0,-544.3,-2407.9
0.0,0.0,-544.3,-2407.9
0.0,0.0,-544.4,-2408.0
0.0,0.0,-544.5,-2408.0
0.0,0.0,-544.6,-2408.0
0.0,0.0,-544.7,-2408.0
0.0,0.0,-544.8,-2407.6
0.0,0.0,-544.8,-2407.6
0.0,0.0,-545.0,-2407.6
0.0,0.0,-545.1,-2407.6
0.0,0.0,-545.2,-2407.6
0.0,0.0,-545.2,-2407.6
0.0,0.0,-545.3,-2407.6
0.0,0.0,-545.4,-2407.6
0.0,0.0,-545.5,-2407.6
0.0,0.0,-545.5,-2407.6
0.0,0.0,-545.6,-2407.6
0.0,0.0,-545.6,-2408.0
0.0,0.0,-545.6,-2408.0
0.0,0.0,-545.7,-2408.0
0.0,0.0,-545.7,-2408.0
0.0,0.0,-545.8,-2408.1
0.0,0.0,-545.8,-2408.5
0.0,0.0,-545.8,-2408.5
0.0,0.0,-545.8,-2408.5
0.0,0.0,-545.7,-2408.9
0.0,0.0,-545.8,-2408.9
0.0,0.0,-545.8,-2408.9
0.0,0.0,-545.8,-2408.9
0.0,0.0,-545.8,-2408.9
0.0,0.0,-546.0,-2408.9
0.0,0.0,-546.0,-2408.9
0.0,0.0,-545.9,-2409.3
0.0,0.0,-545.9,-2409.3
0.0,0.0,-545.9,-2409.3
0.0,0.0,-546.0,-2409.3
0.0,0.0,-546.0,-2409.3
0.0,0.0,-546.0,-2409.3
0.0,0.0,-546.1,-2409.4
0.0,0.0,-546.1,-2409.4
0.0,0.0,-546.1,-2409.4
0.0,0.0,-546.1,-2409.4
0.0,0.0,-546.1,-2409.4
0.0,0.0,-546.1,-2409.4
0.0,0.0,-546.2,-2409.4
0.0,0.0,-546.2,-2409.7
0.0,0.0,-546.2,-2409.7
0.0,0.0,-546.2,-2409.7
0.0,0.0,-546.2,-2409.7
0.0,0.0,-546.2,-2409.7
0.0,0.0,-546.2,-2409.7
0.0,0.0,-546.2,-2409.7
0.0,0.0,-546.2,-2409.7
0.0,0.0,-546.2,-2409.7
0.0,0.0,-546.2,-2409.7
0.0,0.0,-546.2,-2409.7
0.0,0.0,-546.2,-2409.7
0.0,0.0,-546.2,-2409.7
0.0,0.0,-546.3,-2410.2
0.0,0.0,-546.3,-2410.2
0.0,0.0,-546.3,-2410.2
0.0,0.0,-546.3,-2410.2
0.0,0.0,-546.3,-2410.2
0.0,0.0,-546.3,-2410.2
0.0,0.0,-546.3,-2410.2
0.0,0.0,-546.3,-2410.2
0.0,1.0,0.0,0.0
0.0,0.0,-0.4,0.0
0.0,0.0,-0.8,0.0
0.0,0.0,-2.2,0.1
0.0,0.0,-4.4,0.6
0.0,0.0,-7.9,1.5
0.0,0.0,-12.0,2.8
0.0,0.0,-17.5,3.6
0.0,0.0,-24.3,4.4
0.0,0.0,-32.5,5.2
0.0,0.0,-41.5,6.2
0.0,0.0,-53.2,7.2
0.0,0.0,-64.3,8.3
0.0,0.0,-75.5,9.1
0.0,0.0,-85.1,9.7
0.0,0.0,-93.1,10.1
0.0,0.0,-99.8,11.0
0.0,0.0,-103.9,11.3
0.0,0.0,-104.0,10.7
0.0,0.0,-101.9,10.4
0.0,0.0,-100.5,11.1
0.0,0.0,-97.9,11.1
0.0,0.0,-97.1,10.5
0.0,0.0,-95.9,10.3
0.0,0.0,-95.8,10.8
0.0,0.0,-95.0,10.4
0.0,0.0,-94.5,10.7
0.0,0.0,-94.2,10.9
0.0,0.0,-93.5,10.8
0.0,0.0,-93.6,10.5
0.0,0.0,-93.6,10.3
0.0,0.0,-93.6,10.1
0.0,0.0,-93.6,10.5
0.0,0.0,-93.6,10.3
0.0,0.0,-93.6,10.1
0.0,0.0,-93.6,10.1
0.0,0.0,-93.1,10.0
0.0,0.0,-93.1,9.9
0.0,0.0,-93.1,9.8
0.0,0.0,-92.4,9.8
0.0,0.0,-92.4,9.9
0.0,0.0,-92.4,9.9
0.0,0.0,-92.4,9.9
0.0,0.0,-92.4,9.9
0.0,0.0,-92.4,9.9
0.0,0.0,-92.4,9.9
0.0,0.0,-92.4,9.9
0.0,0.0,-92.8,10.0
0.0,0.0,-92.8,10.0
0.0,0.0,-92.8,10.0
0.0,0.0,-92.8,10.0
0.0,0.0,-92.8,9.9
0.0,0.0,-92.8,10.0
0.0,0.0,-92.8,10.0
0.0,0.0,-92.8,9.9
0.0,0.0,-92.8,9.9
0.0,0.0,-93.1,9.9
0.0,0.0,-93.1,9.9
0.0,0.0,-93.1,10.0
0.0,0.0,-92.8,10.0
0.0,0.0,-92.8,10.0
0.0,0.0,-93.1,9.9
0.0,0.0,-92.8,9.9
0.0,0.0,-92.8,10.0
0.0,0.0,-92.4,9.9
0.0,0.0,-92.0,9.8
0.0,0.0,-92.0,9.7
0.0,0.0,-92.0,9.7
0.0,0.0,-92.0,9.8
0.0,0.0,-92.0,9.8
0.0,0.0,-91.6,9.8
0.0,0.0,-91.6,9.8
0.0,0.0,-92.0,9.8
0.0,0.0,-92.8,10.1
0.0,0.0,-92.3,10.3
0.0,0.0,-93.0,10.4
0.0,0.0,-93.6,10.2
0.0,0.0,-93.6,10.1
0.0,0.0,-93.1,9.9
0.0,0.0,-93.8,9.9
0.0,0.0,-93.8,9.9
0.0,0.0,-94.3,9.9
0.0,0.0,-94.4,9.7
0.0,0.0,-94.4,9.6
0.0,0.0,-94.4,9.3
0.0,0.0,-93.9,9.1
0.0,0.0,-94.0,8.8
0.0,0.0,-94.1,8.4
0.0,0.0,-94.9,8.6
0.0,0.0,-96.8,8.8
0.0,0.0,-100.5,8.3
0.0,0.0,-104.4,8.4
0.0,0.0,-108.3,7.8
0.0,0.0,-114.3,6.1
0.0,0.0,-122.5,-1.1
0.0,0.0,-124.6,-6.9
0.0,0.0,-124.2,-15.0
0.0,0.0,-124.8,-23.2
0.0,0.0,-126.1,-32.0
0.0,0.0,-126.0,-41.2
0.0,0.0,-127.3,-51.0
0.0,0.0,-127.8,-61.4
0.0,0.0,-127.7,-72.8
0.0,0.0,-128.0,-84.4
0.0,0.0,-129.0,-95.3
0.0,0.0,-129.7,-105.8
0.0,0.0,-129.5,-115.1
0.0,0.0,-130.3,-121.5
0.0,0.0,-129.1,-127.5
0.0,0.0,-129.3,-130.7
0.0,0.0,-130.1,-133.0
0.0,0.0,-132.2,-135.2
0.0,0.0,-136.1,-135.5
0.0,0.0,-140.9,-135.2
0.0,0.0,-147.7,-133.6
0.0,0.0,-155.8,-133.5
0.0,0.0,-164.1,-132.4
0.0,0.0,-173.8,-130.8
0.0,0.0,-183.4,-129.0
0.0,0.0,-193.6,-127.5
0.0,0.0,-204.0,-126.4
0.0,0.0,-215.1,-125.4
0.0,0.0,-226.3,-124.0
0.0,0.0,-238.1,-122.8
0.0,0.0,-249.7,-121.0
0.0,0.0,-260.0,-119.7
0.0,0.0,-267.7,-118.6
0.0,0.0,-274.2,-118.8
0.0,0.0,-279.8,-120.7
0.0,0.0,-284.0,-123.8
0.0,0.0,-286.3,-128.0
0.0,0.0,-288.0,-134.1
0.0,0.0,-290.1,-141.6
0.0,0.0,-291.5,-149.6
0.0,0.0,-293.4,-157.6
0.0,0.0,-295.6,-165.8
0.0,0.0,-297.2,-174.5
0.0,0.0,-299.3,-183.8
0.0,0.0,-301.4,-193.2
0.0,0.0,-304.0,-202.9
0.0,0.0,-306.8,-212.8
0.0,0.0,-309.6,-222.6
0.0,0.0,-312.9,-232.5
0.0,0.0,-316.7,-243.0
0.0,0.0,-322.1,-253.9
0.0,0.0,-327.0,-265.0
0.0,0.0,-332.3,-275.4
0.0,0.0,-337.7,-286.3
0.0,0.0,-343.2,-297.0
0.0,0.0,-349.0,-307.8
0.0,0.0,-354.9,-318.3
0.0,0.0,-360.3,-328.8
0.0,0.0,-365.9,-338.7
0.0,0.0,-371.0,-348.1
0.0,0.0,-375.8,-356.8
0.0,0.0,-380.8,-364.5
0.0,0.0,-387.5,-371.6
0.0,0.0,-395.2,-377.9
0.0,0.0,-402.7,-384.4
0.0,0.0,-411.6,-389.6
0.0,0.0,-421.1,-392.8
0.0,0.0,-431.2,-393.4
0.0,0.0,-443.5,-391.1
0.0,0.0,-455.0,-386.8
0.0,0.0,-465.3,-382.2
0.0,0.0,-476.8,-377.2
0.0,0.0,-488.3,-372.7
0.0,0.0,-499.5,-368.1
0.0,0.0,-511.6,-363.4
0.0,0.0,-523.4,-358.9
0.0,0.0,-535.3,-354.3
0.0,0.0,-547.2,-349.7
0.0,0.0,-559.1,-345.0
0.0,0.0,-570.3,-340.4
0.0,0.0,-582.3,-335.7
0.0,0.0,-594.2,-330.9
0.0,0.0,-605.7,-326.4
0.0,0.0,-615.9,-322.7
0.0,0.0,-625.2,-319.9
0.0,0.0,-627.7,-321.5
0.0,0.0,-629.9,-321.0
0.0,0.0,-633.6,-322.8
0.0,0.0,-636.4,-325.6
0.0,0.0,-637.8,-331.0
0.0,0.0,-637.7,-337.5
0.0,0.0,-637.4,-344.4
0.0,0.0,-638.2,-352.2
0.0,0.0,-639.3,-361.0
0.0,0.0,-639.9,-370.8
0.0,0.0,-640.9,-379.5
0.0,0.0,-642.1,-386.5
0.0,0.0,-644.4,-389.3
0.0,0.0,-648.1,-393.8
0.0,0.0,-658.0,-395.3
0.0,0.0,-665.4,-394.6
0.0,0.0,-673.0,-391.6
0.0,0.0,-681.9,-390.0
0.0,0.0,-691.1,-388.7
0.0,0.0,-700.3,-387.4
0.0,0.0,-707.6,-386.7
0.0,0.0,-714.4,-386.5
0.0,0.0,-719.3,-386.3
0.0,0.0,-722.8,-384.7
0.0,0.0,-726.3,-381.3
0.0,0.0,-727.9,-377.6
0.0,0.0,-730.1,-371.9
0.0,0.0,-729.7,-365.1
0.0,0.0,-728.7,-356.8
0.0,0.0,-726.0,-347.7
0.0,0.0,-724.0,-337.8
0.0,0.0,-721.6,-327.3
0.0,0.0,-720.4,-317.7
0.0,0.0,-719.5,-307.9
0.0,0.0,-722.4,-297.1
0.0,0.0,-723.7,-287.2
0.0,0.0,-727.6,-279.8
0.0,0.0,-732.2,-271.1
0.0,0.0,-736.8,-261.3
0.0,0.0,-743.3,-252.5
0.0,0.0,-747.9,-244.5
0.0,0.0,-752.4,-238.0
0.0,0.0,-755.8,-232.8
0.0,0.0,-757.9,-229.7
0.0,0.0,-760.8,-229.0
0.0,0.0,-763.5,-229.6
0.0,0.0,-765.9,-230.9
0.0,0.0,-767.0,-231.9
0.0,0.0,-767.1,-232.6
0.0,0.0,-767.0,-232.5
0.0,0.0,-766.5,-232.3
0.0,0.0,-766.1,-232.2
0.0,0.0,-766.1,-232.1
0.0,0.0,-766.0,-231.7
0.0,0.0,-765.9,-230.9
0.0,0.0,-765.8,-230.3
0.0,0.0,-765.8,-230.5
0.0,0.0,-765.6,-230.6
0.0,0.0,-765.5,-230.3
0.0,0.0,-765.5,-230.1
0.0,0.0,-765.4,-229.8
0.0,0.0,-765.4,-229.5
0.0,0.0,-765.4,-229.5
0.0,0.0,-764.8,-229.5
0.0,0.0,-764.8,-229.6
0.0,0.0,-764.8,-229.9
0.0,0.0,-765.4,-229.7
0.0,0.0,-764.8,-229.9
0.0,0.0,-764.2,-229.4
0.0,0.0,-763.9,-229.3
0.0,0.0,-763.9,-229.4
0.0,0.0,-763.2,-229.8
0.0,0.0,-763.2,-230.0
0.0,0.0,-763.2,-229.9
0.0,0.0,-763.2,-230.0
0.0,0.0,-763.2,-230.0
0.0,0.0,-763.3,-230.2
0.0,0.0,-763.2,-230.1
0.0,0.0,-763.3,-230.3
0.0,0.0,-763.3,-230.4
0.0,0.0,-763.3,-230.5
0.0,0.0,-763.3,-230.7
0.0,0.0,-763.4,-230.8
0.0,0.0,-763.4,-230.9
0.0,0.0,-763.4,-230.9
0.0,0.0,-762.9,-231.2
0.0,0.0,-762.9,-231.2
0.0,0.0,-762.9,-231.2
0.0,0.0,-762.3,-231.3
0.0,0.0,-762.3,-231.3
0.0,0.0,-762.3,-231.4
0.0,0.0,-762.1,-231.3
0.0,0.0,-762.1,-231.3
0.0,0.0,-762.1,-231.3
0.0,0.0,-762.1,-231.3
0.0,0.0,-761.6,-231.3
0.0,0.0,-761.6,-231.1
0.0,0.0,-761.1,-230.7
0.0,0.0,-760.2,-230.5
0.0,0.0,-759.9,-230.4
0.0,0.0,-759.3,-230.4
0.0,0.0,-758.7,-230.2
0.0,0.0,-757.9,-229.8
0.0,0.0,-757.4,-229.3
0.0,0.0,-757.3,-228.8
0.0,0.0,-757.3,-228.2
0.0,0.0,-757.1,-227.4
0.0,0.0,-757.0,-226.8
0.0,0.0,-756.9,-226.3
0.0,0.0,-757.3,-226.1
0.0,0.0,-757.3,-226.5
0.0,0.0,-757.4,-226.8
0.0,0.0,-757.4,-226.8
0.0,0.0,-757.4,-226.8
0.0,0.0,-757.4,-226.8
0.0,0.0,-757.4,-226.8
0.0,0.0,-757.4,-226.8
0.0,0.0,-757.4,-226.6
0.0,0.0,-757.4,-226.8
0.0,0.0,-757.3,-226.3
0.0,0.0,-757.7,-225.7
0.0,0.0,-757.6,-225.5
0.0,0.0,-757.8,-225.1
0.0,0.0,-757.8,-224.8
0.0,0.0,-757.8,-224.8
0.0,0.0,-757.7,-225.7
0.0,0.0,-756.7,-228.0
0.0,0.0,-754.6,-232.2
0.0,0.0,-752.0,-236.7
0.0,0.0,-749.5,-241.2
0.0,0.0,-746.5,-245.9
0.0,0.0,-743.1,-251.0
0.0,0.0,-739.5,-256.5
0.0,0.0,-735.6,-262.8
0.0,0.0,-731.5,-269.0
0.0,0.0,-727.7,-275.0
0.0,0.0,-723.7,-281.6
0.0,0.0,-719.7,-288.8
0.0,0.0,-716.4,-296.8
0.0,0.0,-714.5,-305.6
0.0,0.0,-714.6,-314.9
0.0,0.0,-715.7,-324.4
0.0,0.0,-717.4,-334.1
0.0,0.0,-719.2,-344.6
0.0,0.0,-721.1,-354.9
0.0,0.0,-722.3,-364.5
0.0,0.0,-723.0,-372.6
0.0,0.0,-722.3,-378.4
0.0,0.0,-719.9,-382.6
0.0,0.0,-715.2,-385.2
0.0,0.0,-709.2,-387.1
0.0,0.0,-701.3,-387.6
0.0,0.0,-693.1,-388.4
0.0,0.0,-683.7,-389.2
0.0,0.0,-674.6,-390.1
0.0,0.0,-665.7,-391.2
0.0,0.0,-658.8,-391.6
0.0,0.0,-654.0,-391.8
0.0,0.0,-650.9,-391.3
0.0,0.0,-648.1,-390.2
0.0,0.0,-645.5,-388.4
0.0,0.0,-643.0,-385.7
0.0,0.0,-641.3,-381.1
0.0,0.0,-640.3,-375.6
0.0,0.0,-639.6,-368.3
0.0,0.0,-638.4,-360.2
0.0,0.0,-637.4,-351.6
0.0,0.0,-636.2,-342.7
0.0,0.0,-634.5,-332.8
0.0,0.0,-632.5,-322.3
0.0,0.0,-631.1,-312.0
0.0,0.0,-629.3,-301.5
0.0,0.0,-628.1,-290.8
0.0,0.0,-626.8,-280.0
0.0,0.0,-625.6,-269.2
0.0,0.0,-624.2,-258.3
0.0,0.0,-622.2,-247.3
0.0,0.0,-620.5,-235.6
0.0,0.0,-618.0,-223.8
0.0,0.0,-616.2,-211.6
0.0,0.0,-614.5,-199.1
0.0,0.0,-612.1,-186.3
0.0,0.0,-609.0,-173.6
0.0,0.0,-606.3,-160.9
0.0,0.0,-603.7,-148.1
0.0,0.0,-600.9,-135.2
0.0,0.0,-597.9,-122.4
0.0,0.0,-595.0,-109.8
0.0,0.0,-592.2,-96.9
0.0,0.0,-589.5,-84.0
0.0,0.0,-586.5,-71.1
0.0,0.0,-582.7,-58.2
0.0,0.0,-579.5,-45.3
0.0,0.0,-575.9,-32.5
0.0,0.0,-572.7,-20.0
0.0,0.0,-570.1,-7.5
0.0,0.0,-567.5,4.2
0.0,0.0,-564.8,14.8
0.0,0.0,-562.5,24.5
0.0,0.0,-560.6,33.1
0.0,0.0,-558.9,40.4
0.0,0.0,-557.4,46.3
0.0,0.0,-556.7,50.7
0.0,0.0,-556.5,53.7
0.0,0.0,-556.6,55.7
0.0,0.0,-556.6,55.9
0.0,0.0,-556.4,56.8
0.0,0.0,-555.8,58.2
0.0,0.0,-552.8,59.8
0.0,0.0,-548.7,61.1
0.0,0.0,-543.3,61.5
0.0,0.0,-537.4,61.0
0.0,0.0,-531.8,61.0
0.0,0.0,-526.7,62.5
0.0,0.0,-523.6,67.6
0.0,0.0,-520.5,77.6
0.0,0.0,-519.5,86.4
0.0,0.0,-518.9,96.2
0.0,0.0,-518.8,107.2
0.0,0.0,-517.9,119.0
0.0,0.0,-517.4,131.5
0.0,0.0,-516.5,144.1
0.0,0.0,-515.5,156.7
0.0,0.0,-514.2,169.3
0.0,0.0,-512.7,182.1
0.0,0.0,-511.7,195.4
0.0,0.0,-510.6,208.8
0.0,0.0,-509.6,221.8
0.0,0.0,-508.2,234.6
0.0,0.0,-506.8,247.2
0.0,0.0,-505.7,259.8
0.0,0.0,-504.6,272.3
0.0,0.0,-503.5,285.0
0.0,0.0,-502.6,297.8
0.0,0.0,-501.6,310.5
0.0,0.0,-500.7,323.4
0.0,0.0,-499.6,336.5
0.0,0.0,-498.5,349.5
0.0,0.0,-497.6,362.5
0.0,0.0,-496.5,375.4
0.0,0.0,-495.6,387.9
0.0,0.0,-495.2,400.4
0.0,0.0,-494.8,412.6
0.0,0.0,-494.3,424.7
0.0,0.0,-494.4,436.6
0.0,0.0,-495.3,448.6
0.0,0.0,-496.7,460.4
0.0,0.0,-498.7,471.8
0.0,0.0,-501.4,482.8
0.0,0.0,-504.9,492.7
0.0,0.0,-508.4,501.3
0.0,0.0,-511.6,508.6
0.0,0.0,-513.9,514.9
0.0,0.0,-516.3,520.2
0.0,0.0,-518.0,524.1
0.0,0.0,-520.2,526.5
0.0,0.0,-521.6,529.4
0.0,0.0,-522.5,532.9
0.0,0.0,-522.5,536.9
0.0,0.0,-519.9,540.4
0.0,0.0,-515.1,542.5
0.0,0.0,-509.2,544.3
0.0,0.0,-501.7,546.7
0.0,0.0,-493.5,548.8
0.0,0.0,-484.6,550.8
0.0,0.0,-475.2,552.4
0.0,0.0,-464.4,554.6
0.0,0.0,-454.6,556.7
0.0,0.0,-443.5,559.4
0.0,0.0,-432.5,562.9
0.0,0.0,-422.0,567.6
0.0,0.0,-412.0,572.7
0.0,0.0,-402.1,578.6
0.0,0.0,-393.6,585.2
0.0,0.0,-385.3,591.9
0.0,0.0,-377.1,598.6
0.0,0.0,-369.1,604.6
0.0,0.0,-361.1,610.2
0.0,0.0,-352.3,615.3
0.0,0.0,-343.6,619.9
0.0,0.0,-334.6,623.8
0.0,0.0,-325.7,626.9
0.0,0.0,-317.1,629.5
0.0,0.0,-307.2,630.9
0.0,0.0,-296.9,631.7
0.0,0.0,-286.5,631.5
0.0,0.0,-275.6,630.3
0.0,0.0,-264.6,628.3
0.0,0.0,-254.2,626.5
0.0,0.0,-243.1,624.7
0.0,0.0,-232.1,624.1
0.0,0.0,-220.6,624.3
0.0,0.0,-209.3,625.5
0.0,0.0,-198.1,627.9
0.0,0.0,-186.6,630.7
0.0,0.0,-175.3,633.7
0.0,0.0,-164.4,636.9
0.0,0.0,-153.6,640.0
0.0,0.0,-142.7,643.3
0.0,0.0,-132.6,646.5
0.0,0.0,-122.4,649.8
0.0,0.0,-112.6,653.0
0.0,0.0,-103.3,656.4
0.0,0.0,-94.0,659.4
0.0,0.0,-84.8,662.3
0.0,0.0,-76.4,665.4
0.0,0.0,-69.0,667.8
0.0,0.0,-62.4,665.6
0.0,0.0,-59.2,662.8
0.0,0.0,-56.7,657.4
0.0,0.0,-55.9,649.2
0.0,0.0,-56.3,639.2
0.0,0.0,-56.6,629.9
0.0,0.0,-57.3,618.7
0.0,0.0,-58.3,607.9
0.0,0.0,-60.0,596.4
0.0,0.0,-61.2,584.3
0.0,0.0,-62.6,572.2
0.0,0.0,-63.4,560.3
0.0,0.0,-64.2,548.3
0.0,0.0,-65.1,536.1
0.0,0.0,-65.9,523.8
0.0,0.0,-66.8,511.4
0.0,0.0,-68.2,499.0
0.0,0.0,-69.0,486.4
0.0,0.0,-70.1,473.9
0.0,0.0,-71.2,461.4
0.0,0.0,-72.0,448.7
0.0,0.0,-72.5,435.9
0.0,0.0,-73.4,422.9
0.0,0.0,-74.9,410.0
0.0,0.0,-75.9,396.6
0.0,0.0,-78.0,383.4
0.0,0.0,-79.4,370.3
0.0,0.0,-81.7,357.8
0.0,0.0,-83.5,345.4
0.0,0.0,-84.4,332.9
0.0,0.0,-84.8,320.7
0.0,0.0,-84.5,309.8
0.0,0.0,-85.0,300.7
0.0,0.0,-86.3,293.4
0.0,0.0,-88.1,289.7
0.0,0.0,-91.4,286.4
0.0,0.0,-98.0,288.3
0.0,0.0,-105.6,289.5
0.0,0.0,-113.1,290.5
0.0,0.0,-121.0,291.3
0.0,0.0,-129.5,292.3
0.0,0.0,-138.5,293.4
0.0,0.0,-147.8,294.2
0.0,0.0,-157.9,295.5
0.0,0.0,-167.2,296.4
0.0,0.0,-176.2,297.4
0.0,0.0,-184.4,297.9
0.0,0.0,-191.0,297.2
0.0,0.0,-196.3,294.4
0.0,0.0,-198.9,289.7
0.0,0.0,-200.0,283.6
0.0,0.0,-199.1,276.2
0.0,0.0,-198.8,268.4
0.0,0.0,-198.9,260.6
0.0,0.0,-198.8,252.5
0.0,0.0,-199.7,243.7
0.0,0.0,-200.3,235.7
0.0,0.0,-200.1,229.4
0.0,0.0,-199.9,225.3
0.0,0.0,-200.6,222.9
0.0,0.0,-203.2,221.3
0.0,0.0,-207.4,220.3
0.0,0.0,-212.1,220.2
0.0,0.0,-218.2,220.4
0.0,0.0,-224.8,221.2
0.0,0.0,-232.3,221.9
0.0,0.0,-240.6,222.8
0.0,0.0,-249.0,223.7
0.0,0.0,-257.4,224.8
0.0,0.0,-265.1,226.0
0.0,0.0,-271.4,227.2
0.0,0.0,-276.2,227.7
0.0,0.0,-279.7,227.3
0.0,0.0,-282.5,226.1
0.0,0.0,-283.6,224.6
0.0,0.0,-283.9,222.5
0.0,0.0,-284.3,220.7
0.0,0.0,-283.4,219.3
0.0,0.0,-282.1,218.3
0.0,0.0,-280.9,217.9
0.0,0.0,-280.3,217.8
0.0,0.0,-279.2,217.4
0.0,0.0,-279.2,217.3
0.0,0.0,-278.9,217.0
0.0,0.0,-279.3,216.9
0.0,0.0,-279.3,216.8
0.0,0.0,-279.8,216.9
0.0,0.0,-279.8,216.9
0.0,0.0,-280.4,216.9
0.0,0.0,-280.4,216.9
0.0,0.0,-280.4,216.9
0.0,0.0,-280.7,216.9
0.0,0.0,-280.7,216.9
0.0,0.0,-280.6,217.0
0.0,0.0,-280.6,217.1
0.0,0.0,-281.1,217.0
0.0,0.0,-281.5,217.1
0.0,0.0,-281.5,217.1
0.0,0.0,-281.9,217.0
0.0,0.0,-281.9,217.0
0.0,0.0,-282.3,217.3
0.0,0.0,-282.3,217.3
0.0,0.0,-282.6,217.4
0.0,0.0,-282.6,217.4
0.0,0.0,-282.6,217.3
0.0,0.0,-282.6,217.2
0.0,0.0,-282.6,217.2
0.0,0.0,-282.7,217.0
0.0,0.0,-282.7,217.0
0.0,0.0,-282.7,217.0
0.0,0.0,-282.7,217.0
0.0,0.0,-282.7,217.0
0.0,0.0,-283.2,217.3
0.0,0.0,-283.2,217.3
0.0,0.0,-283.2,217.4
0.0,0.0,-283.2,217.4
0.0,0.0,-283.2,217.4
0.0,0.0,-283.1,217.5
0.0,0.0,-283.1,217.5
0.0,0.0,-283.7,217.7
0.0,0.0,-283.7,217.7
0.0,0.0,-283.7,217.8
0.0,0.0,-283.7,217.8
0.0,0.0,-283.6,217.9
0.0,0.0,-283.9,218.1
0.0,0.0,-283.9,218.1
0.0,0.0,-284.3,218.5
0.0,0.0,-284.6,218.6
0.0,0.0,-284.6,218.7
0.0,0.0,-284.6,218.7
0.0,0.0,-284.6,218.7
0.0,0.0,-284.6,218.7
0.0,0.0,-285.1,218.8
0.0,0.0,-285.1,218.8
0.0,0.0,-285.1,218.8
0.0,0.0,-285.1,218.7
0.0,0.0,-285.1,218.6
